1190317977889132549,Hot mot rikets säkerhet – nu tillbaka i Gävle moské #AboRaad #gävle https://t.co/rZIZl9swFA #Expressen via @Expressen,2019-11-01 17:21:35
1189133426336632832,Eller så kunde ju SVT ha gjort ett riktigt reportage med hjälp av hotade journalister på Gefle Dagblad som belyst e… https://t.co/YApBeVoKwT,2019-10-29 10:54:36
1189052585992433664,Eller så kunde ju SVT ha gjort ett riktigt reportage med hjälp av hotade journalister på Gefle Dagblad som belyst e… https://t.co/YApBeVoKwT,2019-10-29 05:33:22
1189047229694251008,Eller så kunde ju SVT ha gjort ett riktigt reportage med hjälp av hotade journalister på Gefle Dagblad som belyst e… https://t.co/YApBeVoKwT,2019-10-29 05:12:05
1189045331218063365,Eller så kunde ju SVT ha gjort ett riktigt reportage med hjälp av hotade journalister på Gefle Dagblad som belyst e… https://t.co/YApBeVoKwT,2019-10-29 05:04:33
1188881201949491200,Eller så kunde ju SVT ha gjort ett riktigt reportage med hjälp av hotade journalister på Gefle Dagblad som belyst e… https://t.co/YApBeVoKwT,2019-10-28 18:12:21
1188833638353395715,Eller så kunde ju SVT ha gjort ett riktigt reportage med hjälp av hotade journalister på Gefle Dagblad som belyst e… https://t.co/YApBeVoKwT,2019-10-28 15:03:21
1188711170003406849,Eller så kunde ju SVT ha gjort ett riktigt reportage med hjälp av hotade journalister på Gefle Dagblad som belyst e… https://t.co/YApBeVoKwT,2019-10-28 06:56:42
1188682842466856960,"Hur sjutton kan #SVT upplåta utrymme åt #AboRaad \nVettlöst. https://t.co/ilWYdR0lbT",2019-10-28 05:04:08
1188677752699924481,Eller så kunde ju SVT ha gjort ett riktigt reportage med hjälp av hotade journalister på Gefle Dagblad som belyst e… https://t.co/YApBeVoKwT,2019-10-28 04:43:55
1188657491640492032,"Hur sjutton kan #SVT upplåta utrymme åt #AboRaad \nVettlöst. https://t.co/ilWYdR0lbT",2019-10-28 03:23:24
1188655276511186949,"Hur sjutton kan #SVT upplåta utrymme åt #AboRaad \nVettlöst. https://t.co/ilWYdR0lbT",2019-10-28 03:14:36
1188547364677701632,"Hur sjutton kan #SVT upplåta utrymme åt #AboRaad \nVettlöst. https://t.co/ilWYdR0lbT",2019-10-27 20:05:48
1188546380945674242,Detta har jag och kollegorna jobbat med i veckan. Missa inte kvällens @agenda Ett långt reportage om Abo Raad och l… https://t.co/hx51QnHy89,2019-10-27 20:01:53
1188536631097282562,"Hur sjutton kan #SVT upplåta utrymme åt #AboRaad \nVettlöst. https://t.co/ilWYdR0lbT",2019-10-27 19:23:09
1188535778365890561,Detta har jag och kollegorna jobbat med i veckan. Missa inte kvällens @agenda Ett långt reportage om Abo Raad och l… https://t.co/hx51QnHy89,2019-10-27 19:19:46
1188513980748390400,"Hur sjutton kan #SVT upplåta utrymme åt #AboRaad \nVettlöst. https://t.co/ilWYdR0lbT",2019-10-27 17:53:09
1188510133275508744,"Hur sjutton kan #SVT upplåta utrymme åt #AboRaad \nVettlöst. https://t.co/ilWYdR0lbT",2019-10-27 17:37:51
1188506490388307969,"Hur sjutton kan #SVT upplåta utrymme åt #AboRaad \nVettlöst. https://t.co/ilWYdR0lbT",2019-10-27 17:23:23
1188502638918283265,"Hur sjutton kan #SVT upplåta utrymme åt #AboRaad \nVettlöst. https://t.co/ilWYdR0lbT",2019-10-27 17:08:05
1188486045937082371,Unik intervju med häktade imamen #AboRaad i väntan på regerings beslut om han ska utvisas. Hela intervjun i kvällen… https://t.co/LbfMNVjGbj,2019-10-27 16:02:09
1188474368541777920,Imamen Abo Raad anses vara ett hot mot Sveriges säkerhet och sitter just nu i häkte i väntan på att regeringen fatt… https://t.co/zltxjNfxRA,2019-10-27 15:15:44
