1190569468881227781,@AndersBergqvis6 @Expressen Men Bo med kunskap om l√•gaffektbeteende f√•r stanna o hj√§lpa de kriminella att sluta bom‚Ä¶ https://t.co/ixzjq0mCfN,2019-11-02 10:00:55
1190567600151023616,"#svpol √Ñr det dags f√∂r @polisen_malmo @Polisen_Sverige att skicka ut p√•minnelsebrev? ""Sluta bomba, busungar"" l√§r v√§‚Ä¶ https://t.co/SiM4merRjT",2019-11-02 09:53:30
1190567491178766337,"@treamigos Gl√∂m inte ""Sluta bomba""-armbanden",2019-11-02 09:53:04
1190557811635343360,@Bbiiddee @EkbergMats F√∂rsvarar du p√• riktigt att han ville bomba orkaner med k√§rnvapen? ü§®,2019-11-02 09:14:36
1190554208212258817,@bjornhakansson @StarMannen @ShabbakiBarbro p√• honom!! Hur utrycker han sig egentligen? Borde han inte ist√§llet pra‚Ä¶ https://t.co/WNpxqMRKVL,2019-11-02 09:00:17
1190550497134026752,@KristerThelin Trodde ig√•r att n√§sta attenta skulle vara i stockholm. F√∂rlorade vadet s√• nu m√•ste jag pr√∂jsa 500 sp‚Ä¶ https://t.co/di8q3cpMkQ,2019-11-02 08:45:32
1190540859638501376,"@liteknivigt @brommaprepper Ja, varf√∂r lagstadgar inte v√•r intelligenta och kraftfullt agerande regering om armband‚Ä¶ https://t.co/sfnKYGCKxh",2019-11-02 08:07:14
1190538772036882432,@brommaprepper Den hade inte beh√∂vts om vi alla hade sluta-bomba armband. üòî,2019-11-02 07:58:57
1190503638336192512,"@Expressen L√•gaffektivt bem√∂tande mot bombningar? Alla ska stanna inne, s√• man kan bomba vidare? #svpol",2019-11-02 05:39:20
1190415564763795456,@sseymayalap Du bomba Twitter med din sk√∂nhet,2019-11-01 23:49:22
1190362321975205891,Att ha en global stormakt som blir livr√§dd √§r det farligaste som finns. Efter 11-sep fanns ett f√•tal terrorister US‚Ä¶ https://t.co/fqNPvXLi2n,2019-11-01 20:17:48
1190317780740067328,"@NiklasJihde Wow, de flesta (√§ven bland dom b√§sta) hade nog g√•tt p√• att bomba d√§r! Han fick en annan k√§nsla üëä‚ù§Ô∏è",2019-11-01 17:20:48
1190308877163737089,"GIF variant f√∂r insta-story.\n\nHar du egna bilder? Bomba tr√•den bara. \n\nFolk f√•r bl√•vitt i sina fl√∂den p√• grund av e‚Ä¶ https://t.co/2ySfADtFSF",2019-11-01 16:45:25
1190298957970362368,halloween √§r verkligen b√§sta kv√§llen f√∂r att g√• ut och bomba,2019-11-01 16:06:00
1190292676404555777,"GIF variant f√∂r insta-story.\n\nHar du egna bilder? Bomba tr√•den bara. \n\nFolk f√•r bl√•vitt i sina fl√∂den p√• grund av e‚Ä¶ https://t.co/2ySfADtFSF",2019-11-01 15:41:03
1190289498069975040,Att ha en global stormakt som blir livr√§dd √§r det farligaste som finns. Efter 11-sep fanns ett f√•tal terrorister US‚Ä¶ https://t.co/fqNPvXLi2n,2019-11-01 15:28:25
1190277698993586176,"@bandytipset IFK V√§nersborg - Saik √∂7,5 till 1,68. Bara att bomba p√•! üòÉüèë",2019-11-01 14:41:32
1190248837383938050,"@kaSaLj072 @gad_media Du tror tydligen p√• den andra sidan, vem man ska tro p√• √§r inte l√§tt.\n\nMen logiken, varf√∂r sk‚Ä¶ https://t.co/z403AOakSp",2019-11-01 12:46:51
1190246054966509568,Bomba inne p√• sj-t√•g,2019-11-01 12:35:47
1190243774074671105,Att ha en global stormakt som blir livr√§dd √§r det farligaste som finns. Efter 11-sep fanns ett f√•tal terrorister US‚Ä¶ https://t.co/fqNPvXLi2n,2019-11-01 12:26:44
1190236367055405061,Att ha en global stormakt som blir livr√§dd √§r det farligaste som finns. Efter 11-sep fanns ett f√•tal terrorister US‚Ä¶ https://t.co/fqNPvXLi2n,2019-11-01 11:57:18
1190235108323794944,Att ha en global stormakt som blir livr√§dd √§r det farligaste som finns. Efter 11-sep fanns ett f√•tal terrorister US‚Ä¶ https://t.co/fqNPvXLi2n,2019-11-01 11:52:17
1190231843381170177,"@sdriks Jaha, detta var v√§ntat.. mesregering. Stackars oss och v√•ra barn. Vad h√§nder i framtiden n√§r Sverige √§r mus‚Ä¶ https://t.co/7MzjmA4IGG",2019-11-01 11:39:19
1190228191547461633,Att ha en global stormakt som blir livr√§dd √§r det farligaste som finns. Efter 11-sep fanns ett f√•tal terrorister US‚Ä¶ https://t.co/fqNPvXLi2n,2019-11-01 11:24:48
1190213369707552769,Att ha en global stormakt som blir livr√§dd √§r det farligaste som finns. Efter 11-sep fanns ett f√•tal terrorister US‚Ä¶ https://t.co/fqNPvXLi2n,2019-11-01 10:25:55
1190207961936867328,"@sdriks Jaha, detta var v√§ntat.. mesregering. Stackars oss och v√•ra barn. Vad h√§nder i framtiden n√§r Sverige √§r mus‚Ä¶ https://t.co/7MzjmA4IGG",2019-11-01 10:04:25
1190206865017360384,Kanske var meningen inte att orsaka f√∂r√∂delse och otrygghet utan att helt enkelt bomba skiten ur √§garen till bilen‚Ä¶ https://t.co/7EegQZBucO,2019-11-01 10:00:04
1190202602455216128,"Brottslingar tackar Sverige och utnyttjar svensk migration med att r√•na, bedraga, br√§nna, m√∂rda och bomba den svenska befolkningen!",2019-11-01 09:43:07
1190202282454986754,Att ha en global stormakt som blir livr√§dd √§r det farligaste som finns. Efter 11-sep fanns ett f√•tal terrorister US‚Ä¶ https://t.co/fqNPvXLi2n,2019-11-01 09:41:51
1190194366872203266,Att ha en global stormakt som blir livr√§dd √§r det farligaste som finns. Efter 11-sep fanns ett f√•tal terrorister US‚Ä¶ https://t.co/fqNPvXLi2n,2019-11-01 09:10:24
1190185495101345792,Att ha en global stormakt som blir livr√§dd √§r det farligaste som finns. Efter 11-sep fanns ett f√•tal terrorister US‚Ä¶ https://t.co/fqNPvXLi2n,2019-11-01 08:35:09
1190183769799626752,Att ha en global stormakt som blir livr√§dd √§r det farligaste som finns. Efter 11-sep fanns ett f√•tal terrorister US‚Ä¶ https://t.co/fqNPvXLi2n,2019-11-01 08:28:17
1190179322092490752,Att ha en global stormakt som blir livr√§dd √§r det farligaste som finns. Efter 11-sep fanns ett f√•tal terrorister US‚Ä¶ https://t.co/fqNPvXLi2n,2019-11-01 08:10:37
1190175245367463936,Genom att g√• ut till folket och s√§ga att en hemsk attack har gjorts - men vi √§r fortfarande trygga. Vi kommer forts‚Ä¶ https://t.co/Tt6wONlY8P,2019-11-01 07:54:25
1190146188533780480,Att ha en global stormakt som blir livr√§dd √§r det farligaste som finns. Efter 11-sep fanns ett f√•tal terrorister US‚Ä¶ https://t.co/fqNPvXLi2n,2019-11-01 05:58:57
1190137336698408962,Att ha en global stormakt som blir livr√§dd √§r det farligaste som finns. Efter 11-sep fanns ett f√•tal terrorister US‚Ä¶ https://t.co/fqNPvXLi2n,2019-11-01 05:23:47
1190136574077554688,Genom att g√• ut till folket och s√§ga att en hemsk attack har gjorts - men vi √§r fortfarande trygga. Vi kommer forts‚Ä¶ https://t.co/Tt6wONlY8P,2019-11-01 05:20:45
1190136223517564928,Att ha en global stormakt som blir livr√§dd √§r det farligaste som finns. Efter 11-sep fanns ett f√•tal terrorister US‚Ä¶ https://t.co/fqNPvXLi2n,2019-11-01 05:19:22
1190130388624121856,Genom att g√• ut till folket och s√§ga att en hemsk attack har gjorts - men vi √§r fortfarande trygga. Vi kommer forts‚Ä¶ https://t.co/Tt6wONlY8P,2019-11-01 04:56:10
1190130374543888384,Att ha en global stormakt som blir livr√§dd √§r det farligaste som finns. Efter 11-sep fanns ett f√•tal terrorister US‚Ä¶ https://t.co/fqNPvXLi2n,2019-11-01 04:56:07
1190127982326820864,"@bomba_cute @Mbalie_WEM @castlelitesa @Burntoniontv @Mzansimagic I yes youüíÉüíÉ skhokhoristo, skhokhoryza, skhokhoryü•≥ü•≥‚Ä¶ https://t.co/Kw22UzHH6B",2019-11-01 04:46:37
1190127137073840128,"@bomba_cute @Mbalie_WEM @castlelitesa @Burntoniontv @Mzansimagic I yes youüíÉüíÉ skhokhoristo, skhokhoryza, skhokhoryü•≥ü•≥‚Ä¶ https://t.co/Kw22UzHH6B",2019-11-01 04:43:15
1190118145362665472,"Precis. Men nej, man valde att bomba Irak, st√∂rta regeringen och starta ett maktvakuum bland Shia och Sunni. Det i‚Ä¶ https://t.co/9vZ2pATOBU",2019-11-01 04:07:31
1190112326881619968,Genom att g√• ut till folket och s√§ga att en hemsk attack har gjorts - men vi √§r fortfarande trygga. Vi kommer forts‚Ä¶ https://t.co/Tt6wONlY8P,2019-11-01 03:44:24
1190112251723886592,Att ha en global stormakt som blir livr√§dd √§r det farligaste som finns. Efter 11-sep fanns ett f√•tal terrorister US‚Ä¶ https://t.co/fqNPvXLi2n,2019-11-01 03:44:06
1190108274693197824,Genom att g√• ut till folket och s√§ga att en hemsk attack har gjorts - men vi √§r fortfarande trygga. Vi kommer forts‚Ä¶ https://t.co/Tt6wONlY8P,2019-11-01 03:28:18
1190107352269295617,Att ha en global stormakt som blir livr√§dd √§r det farligaste som finns. Efter 11-sep fanns ett f√•tal terrorister US‚Ä¶ https://t.co/fqNPvXLi2n,2019-11-01 03:24:38
1189953264508375040,@gad_media Jag √§r tveksam till att man kan bomba bort problemet med IS. De flesta blir irriterade n√§r man har ihj√§l deras kompisar.,2019-10-31 17:12:21
1189929251258163206,"Hur stor kan skillnaden vara mellan att ""bara"" bomba hus och dylikt och ist√§llet med sitt religionshat b√∂rja ge sig‚Ä¶ https://t.co/uZnvLEK7Vj",2019-10-31 15:36:55
1189922136309293056,"Fruktar redan alla sammanfattningar av √•ret som kommer bomba instastoryn om n√•gra veckor. \nNote to everyone: det √§r‚Ä¶ https://t.co/LbeQnEPFwz",2019-10-31 15:08:39
1189886243779338245,"@gothbarbie84 Framf√∂rallt kr√§vs det ett nytt armband; ""Sluta bomba"". Plus en ny fritidsg√•rd. Minst.",2019-10-31 12:46:02
1189870175740399617,"Hur stor kan skillnaden vara mellan att ""bara"" bomba hus och dylikt och ist√§llet med sitt religionshat b√∂rja ge sig‚Ä¶ https://t.co/uZnvLEK7Vj",2019-10-31 11:42:11
1189845555343699969,"Hur stor kan skillnaden vara mellan att ""bara"" bomba hus och dylikt och ist√§llet med sitt religionshat b√∂rja ge sig‚Ä¶ https://t.co/uZnvLEK7Vj",2019-10-31 10:04:21
1189845208915161088,"Hur stor kan skillnaden vara mellan att ""bara"" bomba hus och dylikt och ist√§llet med sitt religionshat b√∂rja ge sig‚Ä¶ https://t.co/uZnvLEK7Vj",2019-10-31 10:02:58
1189843656804642817,"Hur stor kan skillnaden vara mellan att ""bara"" bomba hus och dylikt och ist√§llet med sitt religionshat b√∂rja ge sig‚Ä¶ https://t.co/uZnvLEK7Vj",2019-10-31 09:56:48
1189843408677986304,@Adebisi1904 ok. . Jag har en k√∂pmatta ner till 18...f√•r se om de lyckas bomba s√∂nder den....,2019-10-31 09:55:49
1189838703444844545,"Hur stor kan skillnaden vara mellan att ""bara"" bomba hus och dylikt och ist√§llet med sitt religionshat b√∂rja ge sig‚Ä¶ https://t.co/uZnvLEK7Vj",2019-10-31 09:37:07
1189836838313381888,"Hur stor kan skillnaden vara mellan att ""bara"" bomba hus och dylikt och ist√§llet med sitt religionshat b√∂rja ge sig‚Ä¶ https://t.co/uZnvLEK7Vj",2019-10-31 09:29:43
1189687040113356801,@NickRajacic Gillar inst√§llningen att bomba p√• √§ven n√§r de inte sitter üòÇ,2019-10-30 23:34:28
1189679953220112390,@misantropian @morgangillberg Jag √∂r inte heller f√∂rtjust i m√•nga av deras f√∂rslag men det blir f√•nigt att bomba allt.,2019-10-30 23:06:18
1189644214491140096,"Kan grabbar sluta bomba bilder p√• sin grabb som sitter inne, man kan tro han kmr frias snabbare ba f√∂r du knullar v‚Ä¶ https://t.co/ZoeqQkX0yK",2019-10-30 20:44:17
1189552670631174149,Dagen syrianska f√∂aggan blir en emoji Kmr bomba er med den tills jag d√∂r,2019-10-30 14:40:32
1189541714412875777,@Swede1523 Jag vet inte vem det √§r s√• din flex bomba fett bror. Om du √§r intresserad av en r√§ttvis diskussion f√•r d‚Ä¶ https://t.co/1Apmpr52TZ,2019-10-30 13:56:59
1189502417819389953,Dagen syrianska f√∂aggan blir en emoji Kmr bomba er med den tills jag d√∂r,2019-10-30 11:20:50
1189476709709570048,"Kan grabbar sluta bomba bilder p√• sin grabb som sitter inne, man kan tro han kmr frias snabbare ba f√∂r du knullar v‚Ä¶ https://t.co/ZoeqQkX0yK",2019-10-30 09:38:41
1189308979555508224,"Kan grabbar sluta bomba bilder p√• sin grabb som sitter inne, man kan tro han kmr frias snabbare ba f√∂r du knullar v‚Ä¶ https://t.co/ZoeqQkX0yK",2019-10-29 22:32:11
1189307536996012033,"Kan grabbar sluta bomba bilder p√• sin grabb som sitter inne, man kan tro han kmr frias snabbare ba f√∂r du knullar v‚Ä¶ https://t.co/ZoeqQkX0yK",2019-10-29 22:26:27
1189306599254478848,H√ÖLL K√ÑFTEN VI F√ÖR INTE ENS BOMBA V√ÖRA V√ÑNNER MED SNAPS SKA VI B√ñRJA T√ÑNKA P√Ö ATT INTE HA F√ñR MKT SCORE NU OCKS√Ö YA‚Ä¶ https://t.co/hiuxmqfAXa,2019-10-29 22:22:44
1189244315450691584,@bassesbasta N√§r jag s√•g Manhunt p√• Netflix s√• blev jag inte sugen p√• att bomba folk men helt klart p√• att flytta ut i skogen.,2019-10-29 18:15:14
1189148395753164802,"De har inf√∂rt uteg√•ngsf√∂rbud, b√∂rjat bomba lite h√§r och d√§r i st√§derna, f√∂rs√∂ka omringa folket med pansarvagn och a‚Ä¶ https://t.co/7YE3dBGRQi",2019-10-29 11:54:05
1189112933692923904,"Man kan s√§ga v√§ldigt mycket om kv√§llens match, men det man INTE kan s√§ga √§r att det var pga Budimir som vi f√∂rlorad‚Ä¶ https://t.co/eVeGLpWfyw",2019-10-29 09:33:10
1188942342444769280,"Man kan s√§ga v√§ldigt mycket om kv√§llens match, men det man INTE kan s√§ga √§r att det var pga Budimir som vi f√∂rlorad‚Ä¶ https://t.co/eVeGLpWfyw",2019-10-28 22:15:18
1188936834065276928,"Man kan s√§ga v√§ldigt mycket om kv√§llens match, men det man INTE kan s√§ga √§r att det var pga Budimir som vi f√∂rlorad‚Ä¶ https://t.co/eVeGLpWfyw",2019-10-28 21:53:25
1188936411677908994,"Man kan s√§ga v√§ldigt mycket om kv√§llens match, men det man INTE kan s√§ga √§r att det var pga Budimir som vi f√∂rlorad‚Ä¶ https://t.co/eVeGLpWfyw",2019-10-28 21:51:44
1188932417626791936,"Man kan s√§ga v√§ldigt mycket om kv√§llens match, men det man INTE kan s√§ga √§r att det var pga Budimir som vi f√∂rlorad‚Ä¶ https://t.co/eVeGLpWfyw",2019-10-28 21:35:52
1188894497821691904,"@SvD Att bomba Irak, Libyen, Syrien, Afghanistan konstant i 20 √•rs tid tror jag v√§cker mer ont blod √§n n√•gra ""h√•nfulla ord"".",2019-10-28 19:05:11
1188892142682460161,@de_nilsson S√•d√§r k√§nner jag mig inte komfortabel med att du ska ha det. M√•ste anstr√§nga mig h√•rt f√∂r att inte bomb‚Ä¶ https://t.co/XCpNERVQb0,2019-10-28 18:55:50
1188831359218933760,@_mndsj _jvlitax_,2019-10-28 14:54:18
1188820216467378178,@Kvasern @HenrikSundstrom @socialdemokrat Hej. Varf√∂r b√∂rjar du bomba mig med massa saker som √§r fel i samh√§llet so‚Ä¶ https://t.co/QxuRPDGRPD,2019-10-28 14:10:01
1188808437150470144,Gamla fina √∂rebro!!! Komigen nu jake larsson bomba in 2 m√•l idag!!,2019-10-28 13:23:13
1188772542569422848,"@Ninnis_tankar S√• du tror p√• allvar att USA, Tyskland, Frankrike, Danmark, Norge, Polen osv bara skulle s√§ga. Jupp‚Ä¶ https://t.co/gmsKieooO5",2019-10-28 11:00:35
1188759729738264576,@andreaspereira2 ü•¥ n√§ d√• vill jag inte bomba l√§ngreüò§üò§üò§üò§,2019-10-28 10:09:40
1188718534613966848,@KristerThelin J√∂sses demokrati √§r s√• bra att man m√•ste bomba l√§nder f√∂r inf√∂rskaffa det g√∂r om g√∂r r√§tt.,2019-10-28 07:25:58
1188647142145122306,@thereseverdun @sebasti81182798 Precis. Plus att han fixade vapenvila mellan Turkarna och Kurderna - genom att skri‚Ä¶ https://t.co/VNnyoCaXua,2019-10-28 02:42:17
1188617855148920834,"Ibland tittar jag p√• videon och t√§nker bara vad skulle h√§nda om en s√• kallad ""tsar bomb"" hade landat just d√§r. Bara‚Ä¶ https://t.co/b2ZYH1GoQk",2019-10-28 00:45:54
1188559598480973831,N√§r ska vi bomba ett land?,2019-10-27 20:54:25
1188554569812529153,"Ibland tittar jag p√• videon och t√§nker bara vad skulle h√§nda om en s√• kallad ""tsar bomb"" hade landat just d√§r. Bara‚Ä¶ https://t.co/b2ZYH1GoQk",2019-10-27 20:34:26
1188534515901353984,@AyYldz85056419 @gad_media Turk-Hitler borde sluta bomba oskyldiga barn.,2019-10-27 19:14:45
1188520031694606336,@ericaronson Tror turkarna h√∂gg honom i ryggen va? USA l√•ter dom forts√§tta bomba kurderna om dom ger IS-ledarn?,2019-10-27 18:17:11
1188448026404278278,"@gad_media Det h√§r var nog dealen mellan Erdogan och Trump: \n\nErdogan fick bomba indirekt USA-st√∂dda terrorister (P‚Ä¶ https://t.co/cabZxjXdz1",2019-10-27 13:31:04
1188423793112506368,@JanLars96177255 @SamnyttSimon @blodetkokar F√∂r att kanske vi skickar vapen d√§r det bombas ???? Plus han √§r nog f√∂d‚Ä¶ https://t.co/xnLsPBojKY,2019-10-27 11:54:46
1188413381365108737,#terroristTurkey och dess ledda terrorist och rebellgrupper har avbrutit vapenvilan och har attackerat och h√•ller p‚Ä¶ https://t.co/Zn6og4dDqT,2019-10-27 11:13:24
1188398325671878656,F√∂retag som @OKQ8_AB saknar tydligen all form av grundl√§ggande hyfs. S√• obeg√•vat att skicka ut st√∂rande skit sms av‚Ä¶ https://t.co/y5qYV381om,2019-10-27 10:13:34
1188381200949436417,@gad_media Milsl√•nga k√∂er med lastbilar fulla med olja som var p√• v√§g √∂ver gr√§nsen mot Turkiet. Ingen var kamoflera‚Ä¶ https://t.co/7c9UmH0KGL,2019-10-27 09:05:32
1188368273638866944,"@svtnyheter Tackar f√∂r v√§nsterblivna att de l√•ter dem bomba , m√∂rdar folket.",2019-10-27 08:14:09
1188357200680554496,"@waterconflict F√∂rmodligen lika m√•nga g√•nger som man kan bomba ""sista sjukhuset""",2019-10-27 07:30:09
1188228587742216192,"Ett bondst√§lle i n√§rheten av d√§r jag bodde, hade tillockmed ett hakkors p√• taket d√§r han hade sina kor. Var v√§l r√§d‚Ä¶ https://t.co/LyHwV7pmRQ",2019-10-26 22:59:06
1188206269355696132,Kommer bomba tw f√∂r jag √§lskar er alla,2019-10-26 21:30:25
1188153573353414658,"@cosov L√§ste bara ""bomba mig med jugge-rock""\n\nhttps://t.co/45EPWDZvX0",2019-10-26 18:01:01
1188142272518479873,"@gad_media Vietnam, Afghanistan, Irak, Libyen, Syrien mm. USA's motiv f√∂r att bomba s√∂nder l√§nder √§r alltid att f√∂r‚Ä¶ https://t.co/0Fwz73nZXF",2019-10-26 17:16:07
1188136809022271490,vill g√§rna veta vilken app killar anv√§nder f√∂r att veta att man √§r ointresserad och d√§rf√∂r bomba ens dm,2019-10-26 16:54:24
1188133305021018112,@QahpoMarv @abbiemarssi Men sluta bomba huvet om henne d√•,2019-10-26 16:40:29
1188127565439000576,"@RantaJens F√∂rbannat mycket tristare att promenera. Vill bomba folk som s√§ger ""ska vi inte ta en trevlig promenad?""\n\nNEJ!!!",2019-10-26 16:17:40
1188090832643080195,"Hulta har kommit ig√•ng, nu ska bara H√∂gstr√∂m f√• bomba in n√•t skott ocks√• :)",2019-10-26 13:51:42
1188081722799214593,"@gad_media Vietnam, Afghanistan, Irak, Libyen, Syrien mm. USA's motiv f√∂r att bomba s√∂nder l√§nder √§r alltid att f√∂r‚Ä¶ https://t.co/0Fwz73nZXF",2019-10-26 13:15:30
1188057708957749248,"@Eaagglee Dede jag brukar s√§ga, vem kmr bli n√§sta president att bomba Irak och √∂ppet ljuga f√∂r landets befolkning a‚Ä¶ https://t.co/hlt65tka46",2019-10-26 11:40:05
1188048310420037632,F√∂retag som @OKQ8_AB saknar tydligen all form av grundl√§ggande hyfs. S√• obeg√•vat att skicka ut st√∂rande skit sms av‚Ä¶ https://t.co/y5qYV381om,2019-10-26 11:02:44
1188033305482010624,"@PWSwe @ChristerSfeir @henrikleman USA kontrollerade / kontrollerar luftrummet ovanf√∂r Nord√∂stra Syrien, och hindra‚Ä¶ https://t.co/EQUKPQbW9L",2019-10-26 10:03:07
1187827638817251329,@Deluxive Eh. V√§l vi ska bomba huvudstaden d√•!,2019-10-25 20:25:52
1187820333736349697,@MrWaternooze @xcoeur66x @PgmStenius @waterconflict @J_Sjostrand Bara bomba mig i DM med vad jag kan fixa fr√•n min‚Ä¶ https://t.co/jGHV6ulYMv,2019-10-25 19:56:50
1187816395213553664,3e matchen i MLB finalen √§r i natt. Nats leder 2-0 i matcher. Jag k√§nner att jag √§r lite off men skulle jag spela s‚Ä¶ https://t.co/tCLRG0EJRV,2019-10-25 19:41:11
1187798780000817152,@ZZtoritz @LarssssBe @Galet35 N√§r G√∂ring s√•g Mustanger skydda Flygande f√§stningar bomba Berlin ska han ha sagt att nu √§r dansen slut.,2019-10-25 18:31:12
1187755550668394496,"@JuliaCaesar08 Det √§r numera svenskt att bomba, skjuta, misshandla och v√•ldta etc. H√§ng med i matchen üôÉ",2019-10-25 15:39:25
1187642274907414529,"@baselinebetting @Plusset_ Ojoj, n√§stan v√§rt att bomba blint d√• om man har en affel√§nk. Lite m√§rkligt att Svs ger s‚Ä¶ https://t.co/pNnVtTwKZP",2019-10-25 08:09:18
1187467892951924736,"Det r√§cker inte att minska v√§rmen i pension√§rsbost√§der och bygga 46 nya Tbanestationer. Det √§r bra, men r√§cker inte‚Ä¶ https://t.co/44Jx0uOY1e",2019-10-24 20:36:22
1187460525413715968,@Morrison3000 @paulinaneuding Den - regeringen (fr√§mst den del som √§r milj√∂partistisk) - kanske tror att folk b√§r o‚Ä¶ https://t.co/RytTKf3XvR,2019-10-24 20:07:05
1187385002755006464,"Idag kom jag ut som homosexuell och blev fri fr√•n cancer, SAMTIDIGT.\nS√•, nu kan ni bomba mig med likes.",2019-10-24 15:06:59
