1190598489346105346,SVT beskriver imamen Abu Raads √•terkomst till G√§vlemosken som Kramkalas och Rockstj√§rna. Sedan tar man bort dessa e‚Ä¶ https://t.co/YnZY8ZDQDl,2019-11-02 11:56:14
1190598460979974144,Islam s√§gs vara en fridens religion men det inger √§nd√• viss oro att utvisningsd√∂mde ImanenAbu Raad h√§lsas som hj√§lt‚Ä¶ https://t.co/PXL5GWXZN8,2019-11-02 11:56:08
1190594052867215360,SVT beskriver imamen Abu Raads √•terkomst till G√§vlemosken som Kramkalas och Rockstj√§rna. Sedan tar man bort dessa e‚Ä¶ https://t.co/YnZY8ZDQDl,2019-11-02 11:38:37
1190591921045037056,SVT beskriver imamen Abu Raads √•terkomst till G√§vlemosken som Kramkalas och Rockstj√§rna. Sedan tar man bort dessa e‚Ä¶ https://t.co/YnZY8ZDQDl,2019-11-02 11:30:08
1190591339651571712,SVT beskriver imamen Abu Raads √•terkomst till G√§vlemosken som Kramkalas och Rockstj√§rna. Sedan tar man bort dessa e‚Ä¶ https://t.co/YnZY8ZDQDl,2019-11-02 11:27:50
1190588197585276929,SVT beskriver imamen Abu Raads √•terkomst till G√§vlemosken som Kramkalas och Rockstj√§rna. Sedan tar man bort dessa e‚Ä¶ https://t.co/YnZY8ZDQDl,2019-11-02 11:15:21
1190588098977128448,SVT beskriver imamen Abu Raads √•terkomst till G√§vlemosken som Kramkalas och Rockstj√§rna. Sedan tar man bort dessa e‚Ä¶ https://t.co/YnZY8ZDQDl,2019-11-02 11:14:57
1190587990575370240,SVT beskriver imamen Abu Raads √•terkomst till G√§vlemosken som Kramkalas och Rockstj√§rna. Sedan tar man bort dessa e‚Ä¶ https://t.co/YnZY8ZDQDl,2019-11-02 11:14:31
1190587445894696961,SVT beskriver imamen Abu Raads √•terkomst till G√§vlemosken som Kramkalas och Rockstj√§rna. Sedan tar man bort dessa e‚Ä¶ https://t.co/YnZY8ZDQDl,2019-11-02 11:12:21
1190586562125467654,SVT beskriver imamen Abu Raads √•terkomst till G√§vlemosken som Kramkalas och Rockstj√§rna. Sedan tar man bort dessa e‚Ä¶ https://t.co/YnZY8ZDQDl,2019-11-02 11:08:51
1190585997752442881,Islam s√§gs vara en fridens religion men det inger √§nd√• viss oro att utvisningsd√∂mde ImanenAbu Raad h√§lsas som hj√§lt‚Ä¶ https://t.co/PXL5GWXZN8,2019-11-02 11:06:36
1190585573871964160,SVT beskriver imamen Abu Raads √•terkomst till G√§vlemosken som Kramkalas och Rockstj√§rna. Sedan tar man bort dessa e‚Ä¶ https://t.co/YnZY8ZDQDl,2019-11-02 11:04:55
1190585507195035649,SVT beskriver imamen Abu Raads √•terkomst till G√§vlemosken som Kramkalas och Rockstj√§rna. Sedan tar man bort dessa e‚Ä¶ https://t.co/YnZY8ZDQDl,2019-11-02 11:04:39
1190583604285444097,SVT beskriver imamen Abu Raads √•terkomst till G√§vlemosken som Kramkalas och Rockstj√§rna. Sedan tar man bort dessa e‚Ä¶ https://t.co/YnZY8ZDQDl,2019-11-02 10:57:05
1190582053068259329,SVT beskriver imamen Abu Raads √•terkomst till G√§vlemosken som Kramkalas och Rockstj√§rna. Sedan tar man bort dessa e‚Ä¶ https://t.co/YnZY8ZDQDl,2019-11-02 10:50:56
1190579712910929920,SVT beskriver imamen Abu Raads √•terkomst till G√§vlemosken som Kramkalas och Rockstj√§rna. Sedan tar man bort dessa e‚Ä¶ https://t.co/YnZY8ZDQDl,2019-11-02 10:41:38
1190579199368712192,Islam s√§gs vara en fridens religion men det inger √§nd√• viss oro att utvisningsd√∂mde ImanenAbu Raad h√§lsas som hj√§lt‚Ä¶ https://t.co/PXL5GWXZN8,2019-11-02 10:39:35
1190576902349770752,SVT beskriver imamen Abu Raads √•terkomst till G√§vlemosken som Kramkalas och Rockstj√§rna. Sedan tar man bort dessa e‚Ä¶ https://t.co/YnZY8ZDQDl,2019-11-02 10:30:28
1190576811584950273,SVT beskriver imamen Abu Raads √•terkomst till G√§vlemosken som Kramkalas och Rockstj√§rna. Sedan tar man bort dessa e‚Ä¶ https://t.co/YnZY8ZDQDl,2019-11-02 10:30:06
1190575206248652801,Islam s√§gs vara en fridens religion men det inger √§nd√• viss oro att utvisningsd√∂mde ImanenAbu Raad h√§lsas som hj√§lt‚Ä¶ https://t.co/PXL5GWXZN8,2019-11-02 10:23:43
1190574560296476673,Islam s√§gs vara en fridens religion men det inger √§nd√• viss oro att utvisningsd√∂mde ImanenAbu Raad h√§lsas som hj√§lt‚Ä¶ https://t.co/PXL5GWXZN8,2019-11-02 10:21:09
1190557745180741632,Islam s√§gs vara en fridens religion men det inger √§nd√• viss oro att utvisningsd√∂mde ImanenAbu Raad h√§lsas som hj√§lt‚Ä¶ https://t.co/PXL5GWXZN8,2019-11-02 09:14:20
1190556441112920065,Islam s√§gs vara en fridens religion men det inger √§nd√• viss oro att utvisningsd√∂mde ImanenAbu Raad h√§lsas som hj√§lt‚Ä¶ https://t.co/PXL5GWXZN8,2019-11-02 09:09:09
1190554726305353729,Islam s√§gs vara en fridens religion men det inger √§nd√• viss oro att utvisningsd√∂mde ImanenAbu Raad h√§lsas som hj√§lt‚Ä¶ https://t.co/PXL5GWXZN8,2019-11-02 09:02:20
1190552364392034305,Islam s√§gs vara en fridens religion men det inger √§nd√• viss oro att utvisningsd√∂mde ImanenAbu Raad h√§lsas som hj√§lt‚Ä¶ https://t.co/PXL5GWXZN8,2019-11-02 08:52:57
1190551434711982080,Islam s√§gs vara en fridens religion men det inger √§nd√• viss oro att utvisningsd√∂mde ImanenAbu Raad h√§lsas som hj√§lt‚Ä¶ https://t.co/PXL5GWXZN8,2019-11-02 08:49:16
1190546867727323136,Islam s√§gs vara en fridens religion men det inger √§nd√• viss oro att utvisningsd√∂mde ImanenAbu Raad h√§lsas som hj√§lt‚Ä¶ https://t.co/PXL5GWXZN8,2019-11-02 08:31:07
1190544188770803712,Islam s√§gs vara en fridens religion men det inger √§nd√• viss oro att utvisningsd√∂mde ImanenAbu Raad h√§lsas som hj√§lt‚Ä¶ https://t.co/PXL5GWXZN8,2019-11-02 08:20:28
1190544167002394624,@aClassicLiberal √ñstling f√•r kanske bes√∂ka g√§vlemosken?,2019-11-02 08:20:23
1190535159109607424,Islam s√§gs vara en fridens religion men det inger √§nd√• viss oro att utvisningsd√∂mde ImanenAbu Raad h√§lsas som hj√§lt‚Ä¶ https://t.co/PXL5GWXZN8,2019-11-02 07:44:35
1190534356542148608,Islam s√§gs vara en fridens religion men det inger √§nd√• viss oro att utvisningsd√∂mde ImanenAbu Raad h√§lsas som hj√§lt‚Ä¶ https://t.co/PXL5GWXZN8,2019-11-02 07:41:24
1190523656876777472,Islam s√§gs vara en fridens religion men det inger √§nd√• viss oro att utvisningsd√∂mde ImanenAbu Raad h√§lsas som hj√§lt‚Ä¶ https://t.co/PXL5GWXZN8,2019-11-02 06:58:53
1190523582436253696,Islam s√§gs vara en fridens religion men det inger √§nd√• viss oro att utvisningsd√∂mde ImanenAbu Raad h√§lsas som hj√§lt‚Ä¶ https://t.co/PXL5GWXZN8,2019-11-02 06:58:35
1190522082771316736,Islam s√§gs vara en fridens religion men det inger √§nd√• viss oro att utvisningsd√∂mde ImanenAbu Raad h√§lsas som hj√§lt‚Ä¶ https://t.co/PXL5GWXZN8,2019-11-02 06:52:38
1190518995960651776,Islam s√§gs vara en fridens religion men det inger √§nd√• viss oro att utvisningsd√∂mde ImanenAbu Raad h√§lsas som hj√§lt‚Ä¶ https://t.co/PXL5GWXZN8,2019-11-02 06:40:22
1190487865140170753,Islam s√§gs vara en fridens religion men det inger √§nd√• viss oro att utvisningsd√∂mde ImanenAbu Raad h√§lsas som hj√§lt‚Ä¶ https://t.co/PXL5GWXZN8,2019-11-02 04:36:39
1190404499640324096,Islam s√§gs vara en fridens religion men det inger √§nd√• viss oro att utvisningsd√∂mde ImanenAbu Raad h√§lsas som hj√§lt‚Ä¶ https://t.co/PXL5GWXZN8,2019-11-01 23:05:24
1190388996427452416,Islam s√§gs vara en fridens religion men det inger √§nd√• viss oro att utvisningsd√∂mde ImanenAbu Raad h√§lsas som hj√§lt‚Ä¶ https://t.co/PXL5GWXZN8,2019-11-01 22:03:47
1190382779877511173,Islam s√§gs vara en fridens religion men det inger √§nd√• viss oro att utvisningsd√∂mde ImanenAbu Raad h√§lsas som hj√§lt‚Ä¶ https://t.co/PXL5GWXZN8,2019-11-01 21:39:05
1190359769489522691,Islam s√§gs vara en fridens religion men det inger √§nd√• viss oro att utvisningsd√∂mde ImanenAbu Raad h√§lsas som hj√§lt‚Ä¶ https://t.co/PXL5GWXZN8,2019-11-01 20:07:39
1190358203294474254,Islam s√§gs vara en fridens religion men det inger √§nd√• viss oro att utvisningsd√∂mde ImanenAbu Raad h√§lsas som hj√§lt‚Ä¶ https://t.co/PXL5GWXZN8,2019-11-01 20:01:26
1190351501128015874,Islam s√§gs vara en fridens religion men det inger √§nd√• viss oro att utvisningsd√∂mde ImanenAbu Raad h√§lsas som hj√§lt‚Ä¶ https://t.co/PXL5GWXZN8,2019-11-01 19:34:48
1190349012588777473,Islam s√§gs vara en fridens religion men det inger √§nd√• viss oro att utvisningsd√∂mde ImanenAbu Raad h√§lsas som hj√§lt‚Ä¶ https://t.co/PXL5GWXZN8,2019-11-01 19:24:54
1190347530850230273,Islam s√§gs vara en fridens religion men det inger √§nd√• viss oro att utvisningsd√∂mde ImanenAbu Raad h√§lsas som hj√§lt‚Ä¶ https://t.co/PXL5GWXZN8,2019-11-01 19:19:01
1190345903665766400,Islam s√§gs vara en fridens religion men det inger √§nd√• viss oro att utvisningsd√∂mde ImanenAbu Raad h√§lsas som hj√§lt‚Ä¶ https://t.co/PXL5GWXZN8,2019-11-01 19:12:33
1190342038572740608,Islam s√§gs vara en fridens religion men det inger √§nd√• viss oro att utvisningsd√∂mde ImanenAbu Raad h√§lsas som hj√§lt‚Ä¶ https://t.co/PXL5GWXZN8,2019-11-01 18:57:12
1190339920000438274,Islam s√§gs vara en fridens religion men det inger √§nd√• viss oro att utvisningsd√∂mde ImanenAbu Raad h√§lsas som hj√§lt‚Ä¶ https://t.co/PXL5GWXZN8,2019-11-01 18:48:47
1190339378188566529,Islam s√§gs vara en fridens religion men det inger √§nd√• viss oro att utvisningsd√∂mde ImanenAbu Raad h√§lsas som hj√§lt‚Ä¶ https://t.co/PXL5GWXZN8,2019-11-01 18:46:37
1190339338304983040,Islam s√§gs vara en fridens religion men det inger √§nd√• viss oro att utvisningsd√∂mde ImanenAbu Raad h√§lsas som hj√§lt‚Ä¶ https://t.co/PXL5GWXZN8,2019-11-01 18:46:28
1190339125330636805,Islam s√§gs vara en fridens religion men det inger √§nd√• viss oro att utvisningsd√∂mde ImanenAbu Raad h√§lsas som hj√§lt‚Ä¶ https://t.co/PXL5GWXZN8,2019-11-01 18:45:37
1190338159839723520,Islam s√§gs vara en fridens religion men det inger √§nd√• viss oro att utvisningsd√∂mde ImanenAbu Raad h√§lsas som hj√§lt‚Ä¶ https://t.co/PXL5GWXZN8,2019-11-01 18:41:47
1190337670725218304,Islam s√§gs vara en fridens religion men det inger √§nd√• viss oro att utvisningsd√∂mde ImanenAbu Raad h√§lsas som hj√§lt‚Ä¶ https://t.co/PXL5GWXZN8,2019-11-01 18:39:50
1190337321020862465,Islam s√§gs vara en fridens religion men det inger √§nd√• viss oro att utvisningsd√∂mde ImanenAbu Raad h√§lsas som hj√§lt‚Ä¶ https://t.co/PXL5GWXZN8,2019-11-01 18:38:27
1190337214527524865,Islam s√§gs vara en fridens religion men det inger √§nd√• viss oro att utvisningsd√∂mde ImanenAbu Raad h√§lsas som hj√§lt‚Ä¶ https://t.co/PXL5GWXZN8,2019-11-01 18:38:01
1190335638723268608,Islam s√§gs vara en fridens religion men det inger √§nd√• viss oro att utvisningsd√∂mde ImanenAbu Raad h√§lsas som hj√§lt‚Ä¶ https://t.co/PXL5GWXZN8,2019-11-01 18:31:46
1190335001994366976,Islam s√§gs vara en fridens religion men det inger √§nd√• viss oro att utvisningsd√∂mde ImanenAbu Raad h√§lsas som hj√§lt‚Ä¶ https://t.co/PXL5GWXZN8,2019-11-01 18:29:14
1190329462426079232,@pete_phellgreen @PeterSellei @liberalerna @Centerpartiet @moderaterna @kdriks @sdriks Det f√∂rst√•r du v√§l att SVT i‚Ä¶ https://t.co/KESh1PjTzI,2019-11-01 18:07:13
1190307394951274502,@exakt24 Fint talibansk√§gg pajasen har lagt till sig med. ü§î√Ñr n√§sta show i G√§vlemosk√©n? #svpol,2019-11-01 16:39:32
1190301965470830598,"8miljarder skattekronor som gav oss klassikern:\nKompetensregn\nNu kommer uppf√∂ljaren Kramkalaset. Direkts√§nt fr√•n g√§‚Ä¶ https://t.co/VTmDVMGwpA",2019-11-01 16:17:57
1190300355843809281,Radikaliseringsimamen √§r tillbaka i G√§vlemosk√©n nu...,2019-11-01 16:11:34
1190300136146194432,Radikaliseringsimamen √§r tillbaka i G√§vlemosk√©n nu...,2019-11-01 16:10:41
1190297374004056065,Radikaliseringsimamen √§r tillbaka i G√§vlemosk√©n nu...,2019-11-01 15:59:43
1190296026407669761,Det h√§r g√∂r mig s√• bekl√§md. Varf√∂r kan f√∂rsamlingsmedlemmarna inte f√∂rklara honom och de id√©er han torgf√∂r f√∂r icke‚Ä¶ https://t.co/kh6qpJwgjT,2019-11-01 15:54:21
1190291933270364160,@kjellhaglund I Sverige idag. Relig√∂s extremist tas emot i G√§vlemosken som en rockstj√§rna av andra relig√∂sa extremister.,2019-11-01 15:38:06
1190249784570978305,En svensk pr√§st sv√§r √∂ver en av svenskt n√§ringslivs absolut b√§sta f√∂retr√§dare. Var tog det kristna k√§rleksbudskapet‚Ä¶ https://t.co/P4JqkwnMdL,2019-11-01 12:50:37
1190249040472137728,Efter ett halv√•r som frihetsber√∂vad ‚Äì h√§r √§r imamen Abo Raad tillbaka i G√§vlemosk√©n https://t.co/egJQJ94RSg,2019-11-01 12:47:39
1190234201636909056,"@Annemonrose @OlafPries @hellgrenmarie @Anna1849 @MickeK69 Ja, det √§r s√• konstigt i Sverige. \n\nMen vi har en sv√•r s‚Ä¶ https://t.co/pFD87MI1DN",2019-11-01 11:48:41
1190219161101852672,@exakt24 Fint talibansk√§gg pajasen har lagt till sig med. ü§î√Ñr n√§sta show i G√§vlemosk√©n? #svpol,2019-11-01 10:48:55
1190216652782260224,"@Annemonrose @OlafPries @hellgrenmarie @Anna1849 @MickeK69 Ja, det √§r s√• konstigt i Sverige. \n\nMen vi har en sv√•r s‚Ä¶ https://t.co/pFD87MI1DN",2019-11-01 10:38:57
