1190919986342223872,N√§r det √§r ytterligare en skjutning i Uppsala och den enda st√∂rre ‚Äùtrygghetssatsningen‚Äù kommunen g√∂r √§r att satsa p‚Ä¶ https://t.co/1mQO8aBUAN,2019-11-03 09:13:45
1190913129389146113,"N√§r ska det ta slut?! 2 bombningar och 1 skjutning p√• bara 24h! \n\nHar inte h√∂r det minsta ifr√•n Regeringen, skam!‚Ä¶ https://t.co/bgOa8k4gWL",2019-11-03 08:46:30
1190911533808795648,√Ñnnu en skjutning i Uppsala. Men ist√§llet f√∂r att satsa p√• att lysa upp de delar av staden d√§r belysningen m√•nga g√•‚Ä¶ https://t.co/bemKH5CegZ,2019-11-03 08:40:10
1190906334440558592,"√Ñnnu en dag, √§nnu en skjutning. Men gl√∂m inte att det viktigaste inte √§r att l√∂sa den kaotiska situationen, utan de‚Ä¶ https://t.co/LqN9vHY1ck",2019-11-03 08:19:30
1190865196509810688,‚ÄùEn skottskadad man kom in till Akademiska sjukhuset i Uppsala p√• l√∂rdagskv√§llen efter en skjutning i stadsdelen St‚Ä¶ https://t.co/OCdZkWXkpk,2019-11-03 05:36:02
1190811652255633409,"@Aftonbladet Vi har inb√∂rdeskrig i Sverige pga L√∂fven &amp; co:s oansvariga invandringspolitik.\n\n‚ÄùOm det h√§r hade genom‚Ä¶ https://t.co/QAuSAUUsHh",2019-11-03 02:03:16
1190810300741754880,‚ÄùEn skottskadad man kom in till Akademiska sjukhuset i Uppsala p√• l√∂rdagskv√§llen efter en skjutning i stadsdelen St‚Ä¶ https://t.co/OCdZkWXkpk,2019-11-03 01:57:54
1190806364433604608,‚ÄùEn skottskadad man kom in till Akademiska sjukhuset i Uppsala p√• l√∂rdagskv√§llen efter en skjutning i stadsdelen St‚Ä¶ https://t.co/OCdZkWXkpk,2019-11-03 01:42:16
1190800032611684352,‚ÄùEn skottskadad man kom in till Akademiska sjukhuset i Uppsala p√• l√∂rdagskv√§llen efter en skjutning i stadsdelen St‚Ä¶ https://t.co/OCdZkWXkpk,2019-11-03 01:17:06
1190796203664871424,‚ÄùEn skottskadad man kom in till Akademiska sjukhuset i Uppsala p√• l√∂rdagskv√§llen efter en skjutning i stadsdelen St‚Ä¶ https://t.co/OCdZkWXkpk,2019-11-03 01:01:53
1190778227603558400,‚ÄùEn skottskadad man kom in till Akademiska sjukhuset i Uppsala p√• l√∂rdagskv√§llen efter en skjutning i stadsdelen St‚Ä¶ https://t.co/OCdZkWXkpk,2019-11-02 23:50:27
1190774410497511424,"Person skjuten i Stenhagen, 2019-11-02#utryckninguppsala #uppsala #stenhagen #uppsalapolisen #polis‚Ä¶ https://t.co/CFfHnItBk5",2019-11-02 23:35:17
1190760257691119616,Erm. J√§mf√∂r skjutning och olycka. Hur t√§nker folk egentligen...? https://t.co/nTePA6ibNn,2019-11-02 22:39:03
1190752063480881153,‚ÄùEn skottskadad man kom in till Akademiska sjukhuset i Uppsala p√• l√∂rdagskv√§llen efter en skjutning i stadsdelen St‚Ä¶ https://t.co/OCdZkWXkpk,2019-11-02 22:06:29
1190748143786303488,‚ÄùEn skottskadad man kom in till Akademiska sjukhuset i Uppsala p√• l√∂rdagskv√§llen efter en skjutning i stadsdelen St‚Ä¶ https://t.co/OCdZkWXkpk,2019-11-02 21:50:55
1190747549180846080,‚ÄùEn skottskadad man kom in till Akademiska sjukhuset i Uppsala p√• l√∂rdagskv√§llen efter en skjutning i stadsdelen St‚Ä¶ https://t.co/OCdZkWXkpk,2019-11-02 21:48:33
1190744827002007554,‚ÄùEn skottskadad man kom in till Akademiska sjukhuset i Uppsala p√• l√∂rdagskv√§llen efter en skjutning i stadsdelen St‚Ä¶ https://t.co/OCdZkWXkpk,2019-11-02 21:37:44
1190744181062459394,‚ÄùEn skottskadad man kom in till Akademiska sjukhuset i Uppsala p√• l√∂rdagskv√§llen efter en skjutning i stadsdelen St‚Ä¶ https://t.co/OCdZkWXkpk,2019-11-02 21:35:10
1190744021783719937,‚ÄùEn skottskadad man kom in till Akademiska sjukhuset i Uppsala p√• l√∂rdagskv√§llen efter en skjutning i stadsdelen St‚Ä¶ https://t.co/OCdZkWXkpk,2019-11-02 21:34:32
1190742950881452032,‚ÄùEn skottskadad man kom in till Akademiska sjukhuset i Uppsala p√• l√∂rdagskv√§llen efter en skjutning i stadsdelen St‚Ä¶ https://t.co/OCdZkWXkpk,2019-11-02 21:30:17
1190742130316234752,@JKrilon V√§ntade bara p√• dagens f√∂rsta. Undrade om det skulle bli en skjutning eller spr√§ngning. üò¨,2019-11-02 21:27:01
1190740390296608771,"√Ñnnu en dag, √§nnu en skjutning. Men gl√∂m inte att det viktigaste inte √§r att l√∂sa den kaotiska situationen, utan de‚Ä¶ https://t.co/LqN9vHY1ck",2019-11-02 21:20:06
1190739946639900672,‚ÄùEn skottskadad man kom in till Akademiska sjukhuset i Uppsala p√• l√∂rdagskv√§llen efter en skjutning i stadsdelen St‚Ä¶ https://t.co/OCdZkWXkpk,2019-11-02 21:18:20
1190739932521910274,‚ÄùEn skottskadad man kom in till Akademiska sjukhuset i Uppsala p√• l√∂rdagskv√§llen efter en skjutning i stadsdelen St‚Ä¶ https://t.co/OCdZkWXkpk,2019-11-02 21:18:17
1190738547038441472,‚ÄùEn skottskadad man kom in till Akademiska sjukhuset i Uppsala p√• l√∂rdagskv√§llen efter en skjutning i stadsdelen St‚Ä¶ https://t.co/OCdZkWXkpk,2019-11-02 21:12:47
1190738524447875074,‚ÄùEn skottskadad man kom in till Akademiska sjukhuset i Uppsala p√• l√∂rdagskv√§llen efter en skjutning i stadsdelen St‚Ä¶ https://t.co/OCdZkWXkpk,2019-11-02 21:12:41
1190738439114821634,‚ÄùEn skottskadad man kom in till Akademiska sjukhuset i Uppsala p√• l√∂rdagskv√§llen efter en skjutning i stadsdelen St‚Ä¶ https://t.co/OCdZkWXkpk,2019-11-02 21:12:21
1190738222432821250,"@YB_Sodermalm Tillf√∂rsikt?\nIngen kan givetvis anklaga polisen f√∂r att ""inte g√∂ra n√•t"".\nMen den anstormning av impor‚Ä¶ https://t.co/kOTHEGlpyS",2019-11-02 21:11:29
1190738128971161603,‚ÄùEn skottskadad man kom in till Akademiska sjukhuset i Uppsala p√• l√∂rdagskv√§llen efter en skjutning i stadsdelen St‚Ä¶ https://t.co/OCdZkWXkpk,2019-11-02 21:11:07
1190736402847277056,@JKrilon V√§ntade bara p√• dagens f√∂rsta. Undrade om det skulle bli en skjutning eller spr√§ngning. üò¨,2019-11-02 21:04:15
1190726003435409408,√Ñr det n√•gon som vet om bettingsajterna har b√∂rjat med betting p√• n√§r n√§sta skjutning eller bombd√•d intr√§ffar i Sve‚Ä¶ https://t.co/eWLtL8kmUl,2019-11-02 20:22:56
1190725863614095360,√Ñr det n√•gon som vet om bettingsajterna har b√∂rjat med betting p√• n√§r n√§sta skjutning eller bombd√•d intr√§ffar i Sve‚Ä¶ https://t.co/eWLtL8kmUl,2019-11-02 20:22:23
1190702209249554433,"@Tellevinken *Gruppv√•ldt√§kter = pojkbus\n*V√•ldt√§kt = missf√∂rst√•nd\n*Bombattentat = spr√§ngning\n*Maffiamord = skjutning‚Ä¶ https://t.co/IV8C5ElnJZ",2019-11-02 18:48:23
1190680696139980802,"@Aftonbladet ‚Äù3 spr√§ngningar p√• 1 dygn.‚Äù\n\nSverige befinner sig i inb√∂rdeskrig pga L√∂fven &amp; co:s oansvariga invandri‚Ä¶ https://t.co/cBmzSHJhie",2019-11-02 17:22:54
1190679493930864645,@DagWiedersheim @Sverigebilden08 Det √§r ju s√• det √§r. Det √§r just den d√§r kulturellt betingade l√§ttkr√§nktheten som‚Ä¶ https://t.co/VSrmmuSGQP,2019-11-02 17:18:07
1190657052730888193,"N√§r ska det ta slut?! 2 bombningar och 1 skjutning p√• bara 24h! \n\nHar inte h√∂r det minsta ifr√•n Regeringen, skam!‚Ä¶ https://t.co/bgOa8k4gWL",2019-11-02 15:48:57
1190649522499796992,"N√§r ska det ta slut?! 2 bombningar och 1 skjutning p√• bara 24h! \n\nHar inte h√∂r det minsta ifr√•n Regeringen, skam!‚Ä¶ https://t.co/bgOa8k4gWL",2019-11-02 15:19:02
1190637598265544705,"N√§r ska det ta slut?! 2 bombningar och 1 skjutning p√• bara 24h! \n\nHar inte h√∂r det minsta ifr√•n Regeringen, skam!‚Ä¶ https://t.co/bgOa8k4gWL",2019-11-02 14:31:39
1190632310149984256,"N√§r ska det ta slut?! 2 bombningar och 1 skjutning p√• bara 24h! \n\nHar inte h√∂r det minsta ifr√•n Regeringen, skam!‚Ä¶ https://t.co/bgOa8k4gWL",2019-11-02 14:10:38
1190618697196552193,"N√§r ska det ta slut?! 2 bombningar och 1 skjutning p√• bara 24h! \n\nHar inte h√∂r det minsta ifr√•n Regeringen, skam!‚Ä¶ https://t.co/bgOa8k4gWL",2019-11-02 13:16:32
1190611599549227014,"Guld till Djurg√•rden, MFF eller Bajen... lite som att v√§lja mellan h√§ngning, skjutning eller stegling... üò±",2019-11-02 12:48:20
1190604332149985280,@Krakel_ V√•r boost ig√•r handlade om kriminella n√§tverk. Fast inriktat sthlm. Alla konflikter som √§ndras hela tiden.‚Ä¶ https://t.co/GweD6d91po,2019-11-02 12:19:27
1190601136895602691,"N√§r ska det ta slut?! 2 bombningar och 1 skjutning p√• bara 24h! \n\nHar inte h√∂r det minsta ifr√•n Regeringen, skam!‚Ä¶ https://t.co/bgOa8k4gWL",2019-11-02 12:06:45
1190600656165494785,"N√§r ska det ta slut?! 2 bombningar och 1 skjutning p√• bara 24h! \n\nHar inte h√∂r det minsta ifr√•n Regeringen, skam!‚Ä¶ https://t.co/bgOa8k4gWL",2019-11-02 12:04:51
1190599597082791936,"N√§r ska det ta slut?! 2 bombningar och 1 skjutning p√• bara 24h! \n\nHar inte h√∂r det minsta ifr√•n Regeringen, skam!‚Ä¶ https://t.co/bgOa8k4gWL",2019-11-02 12:00:38
1190592152142831616,"Guld till Djurg√•rden, MFF eller Bajen... lite som att v√§lja mellan h√§ngning, skjutning eller stegling... üò±",2019-11-02 11:31:03
1190578101341884417,"@Wexio2Good Om politikerna skulle beh√∂va uttala sig efter varje skjutning, spr√§ngning, v√•ldt√§kt och hemskhet skulle‚Ä¶ https://t.co/JdVNtVcVNf",2019-11-02 10:35:13
1190572451383652352,"Tufft f√∂r L√∂fven.\nF√∂r varje spr√§ning, f√∂r varje skjutning f√∂rlorar han v√§ljare.\nOch den allt starkare k√§nslan att r‚Ä¶ https://t.co/CcwHbyVjxA",2019-11-02 10:12:46
1190561927476449280,@swe70jon En farbror jag var p√• kurs med visade film fr√•n f√∂rs√∂ksverksamhet . Gubben: ‚Äùdet √§r ingen riktig skjutnin‚Ä¶ https://t.co/qtMFwPvg1u,2019-11-02 09:30:57
1190552682446163968,@mikaelgrev @svtnyheter Spr√§ngning och skjutning l√•ter inte s√• politiskt laddatüòÅ,2019-11-02 08:54:13
1190523511292514304,@ingridcarlqvist Tyv√§rr! Man vet redan p√• morgonen till kaffet innan man kollat nyheter att fr√•n skjutning mord spr‚Ä¶ https://t.co/831zcrOKk3,2019-11-02 06:58:18
1190445617585278978,"Att du v√•gar! Jag har blivit beskjuten och blev j√§tter√§dd! Dock en skjutning av misstag, men lik f√∂rbannat!N√§r du k‚Ä¶ https://t.co/Z9S0gAq9V9",2019-11-02 01:48:47
1190382878519169027,"@Sverigebilden08 Vi borde skicka ett mail till Isabella l√∂vin varje g√•ng vi l√§ser om n√•gon skjutning, r√•n, misshand‚Ä¶ https://t.co/9aBp3IKbpw",2019-11-01 21:39:29
1190371716939337728,"@mikaelgrev @svtnyheter Sen gammalt. ""Skjutning"". En formulering utan akt√∂r, lite som att det regnar. Spr√•ket har stor betydelse.",2019-11-01 20:55:08
1190369872791904256,"@mikaelgrev @svtnyheter Sen gammalt. ""Skjutning"". En formulering utan akt√∂r, lite som att det regnar. Spr√•ket har stor betydelse.",2019-11-01 20:47:48
1190368968051232769,"@mikaelgrev @svtnyheter Sen gammalt. ""Skjutning"". En formulering utan akt√∂r, lite som att det regnar. Spr√•ket har stor betydelse.",2019-11-01 20:44:12
1190356932848181248,"@BengtHojer Vad ska de g√∂ra? De kommer att f√∂rlora v√§ljare vad de √§n g√∂r. F√∂r varje skjutning, spr√§ngning och missl‚Ä¶ https://t.co/hdb663zuiO",2019-11-01 19:56:23
1190331521456058372,"@chrissieSTH ""Ej f√∂rbesiktigad skjutning p√• tillf√§llig skjutbana"" och viktigaste fr√•gan: hade skytten licens p√• mag‚Ä¶ https://t.co/370PKFe8z3",2019-11-01 18:15:24
1190328463338721280,Twittet√§vling under fredagsmyset. Vilket h√∂gersp√∂ke ska f√∂rst lyckas twittra ut kv√§llens premi√§rspr√§ngning alt. skj‚Ä¶ https://t.co/uk2DIgaOpT,2019-11-01 18:03:15
1190326292241158145,"Ok. Klockan √§r 18.24 fredag, üëá\n\n1) Spr√§ngning eller skjutning. Vad kommer f√∂rst?\n\n2) M√•ste vi v√§nta till efter l√§gg‚Ä¶ https://t.co/l3vE4qkdLK",2019-11-01 17:54:37
1190319915544252417,"Ok. Klockan √§r 18.24 fredag, üëá\n\n1) Spr√§ngning eller skjutning. Vad kommer f√∂rst?\n\n2) M√•ste vi v√§nta till efter l√§gg‚Ä¶ https://t.co/l3vE4qkdLK",2019-11-01 17:29:17
1190243456695885824,"Explosion i Landvetter, bombtekniker har konstaterat att det skett en explosion.\n\n- Sverige m√•ste vara helt klart v‚Ä¶ https://t.co/DSrkoLpOOG",2019-11-01 12:25:28
1190231541156384769,"@Bongoberra @boras_tidning S√• f√∂r att det varit en skjutning i Nydala, tycker du att du har r√§tt att ifr√•gas√§tta al‚Ä¶ https://t.co/lbI3YUQ6Co",2019-11-01 11:38:07
1190218462028869632,"Denna nyhet √§r allts√• placerad l√•ngt ovan nattens spr√§ngningar, skjutning samt nyheten om hur imamer som √§r ett utt‚Ä¶ https://t.co/v4wCKh1Xe3",2019-11-01 10:46:09
1190217922838482946,LIVE: Ny skjutning vid halloweenfest i USA ‚Äì rapporter om flera skadade ‚Ä¢ Personer i utkl√§dnadskostymer lyfts in i‚Ä¶ https://t.co/Gda356VIxM,2019-11-01 10:44:00
1190217167729569792,I Malm√∂ ig√•r kv√§ll/natt hade vi allts√• ett mord (skjutning) och ett rej√§lt spr√§ngd√•d. Den impotenta Regeringen med‚Ä¶ https://t.co/aRHqekzfFy,2019-11-01 10:41:00
1190217062532161536,@AgnetaV @lindbergpolemik En skjutning som gick fel? G√•r n√•gra skjutningar ‚Äùr√§tt‚Äù?,2019-11-01 10:40:35
1190216057098833920,"@BjuhrEva @lindbergpolemik Det √§r mina egna spekulationer allts√•. Men som sagt, dessa g√§ng har ""br√•kat"" och spr√§ngt‚Ä¶ https://t.co/Ya6tPAJwEM",2019-11-01 10:36:35
1190214393088352256,"@BengtHojer Nej -det var inte grovt uttalande, utan STOR SANNING, i Sverige om man s√§ger sanningen d√• √§r det fel nu‚Ä¶ https://t.co/3elVrIfsS4",2019-11-01 10:29:59
1190213637400596480,"kassorna som borde g√• till oss hederliga medborgare, s√§rskilt som dessa brottslingar knappast betalar n√•gon skatt t‚Ä¶ https://t.co/7GIkWMq17m",2019-11-01 10:26:58
1190204597652148229,"Explosion i Landvetter, bombtekniker har konstaterat att det skett en explosion.\n\n- Sverige m√•ste vara helt klart v‚Ä¶ https://t.co/DSrkoLpOOG",2019-11-01 09:51:03
1190198460122849280,Fruktansv√§rt. Senaste natten skjutning i Malm√∂ och spr√§ngningar i V√§xj√∂ och Landvetter. V√•ra styrande borde f√• l√∂pa‚Ä¶ https://t.co/AvmxPouODK,2019-11-01 09:26:40
1190198137710886912,I Malm√∂ ig√•r kv√§ll/natt hade vi allts√• ett mord (skjutning) och ett rej√§lt spr√§ngd√•d. Den impotenta Regeringen med‚Ä¶ https://t.co/aRHqekzfFy,2019-11-01 09:25:23
1190189042253598725,@franforstutrapp Du gl√∂mde spr√§ngning i Landvetter och h√∂rde √§ven n√•got om skjutning i Link√∂ping p√• ekot i morse. Det g√•r bra nu....,2019-11-01 08:49:14
1190178922048245760,"@Dykaren21 √Ñsch,,ingen fara, bara bomb, och mord/skjutning i Malm√∂,  bomb V√§xj√∂ , 2 r√•n inne p√• Liseberg + explosio‚Ä¶ https://t.co/yejDNMndku",2019-11-01 08:09:02
1190171359478988801,"Man d√∂d efter skjutning i Malm√∂ ‚Äì ‚Äùminst tio skott‚Äù (via @omni_red)\nEn vanlig dag i det r√∂dgr√∂na Sverige... https://t.co/qLCrbIjgAC",2019-11-01 07:38:59
1190169743514316800,I Malm√∂ ig√•r kv√§ll/natt hade vi allts√• ett mord (skjutning) och ett rej√§lt spr√§ngd√•d. Den impotenta Regeringen med‚Ä¶ https://t.co/aRHqekzfFy,2019-11-01 07:32:33
1190169656318988288,"Och f√∂rst√•s lite random skjutning mot en l√§genhet...\nLite p√• m√•f√• s√• d√§r...vem vet, man kanske kan tr√§ffa n√•gra sm√•‚Ä¶ https://t.co/GuDSSMfqCG",2019-11-01 07:32:13
1190169112649048065,"Och f√∂rst√•s lite random skjutning mot en l√§genhet...\nLite p√• m√•f√• s√• d√§r...vem vet, man kanske kan tr√§ffa n√•gra sm√•‚Ä¶ https://t.co/GuDSSMfqCG",2019-11-01 07:30:03
1190167539017560064,"Och f√∂rst√•s lite random skjutning mot en l√§genhet...\nLite p√• m√•f√• s√• d√§r...vem vet, man kanske kan tr√§ffa n√•gra sm√•‚Ä¶ https://t.co/GuDSSMfqCG",2019-11-01 07:23:48
1190164400629530624,@ManneGerell @polisen_malmo @malmostad kanske dags att √•terigen √•terg√• och titta p√• PPU konceptet som ligger p√• era‚Ä¶ https://t.co/xZwVL57V6a,2019-11-01 07:11:19
1190163399658868737,"igen en d√∂ds skjutning bara ett par 100 meter fr√•n var jag sj√§lv och n√§ra v√§nner, familjer och barn bor. R√§dslan ko‚Ä¶ https://t.co/MuwxAvHXhu",2019-11-01 07:07:21
1190161629847134208,Man d√∂dad i¬†Malm√∂-skjutning https://t.co/PoSmRXEpLD,2019-11-01 07:00:19
1190159047825272832,"Lyssna.nattsvart! Malm√∂, Sk√§ggetorp, V√§xj√∂: mord, d√∂d, explosioner, skjutning. ‚Å¶@SwedishPM‚Å© , sn√§lla agera!!. Ekot‚Ä¶ https://t.co/nG9QpYqTmt",2019-11-01 06:50:03
1190158217705402368,@beckmansasikter Men en skjutning √§r v√§l inte heller s√• extraordin√§rt l√§ngre..,2019-11-01 06:46:45
1190158105134415875,@beckmansasikter Man √∂var inte f√∂r en extraordin√§r situation likt en skjutning utan f√∂r en situation som sker relativt ofta. En skam.,2019-11-01 06:46:18
1190157251782336512,"Allts√•, dessa stolpskott till ministrar! üëá\n\n‚ùåMinst tv√• spr√§ngningar per dygn.\n‚ùåEn skjutning vartannat.\n‚ùåSex r√•n av‚Ä¶ https://t.co/ZUcIgBdWeW",2019-11-01 06:42:55
1190157055870537728,Man d√∂d efter skjutning i Malm√∂ ‚Äì ‚Äùminst tio skott‚Äù och nu ska polisen utreda att det verkligen var tio skott. https://t.co/0fsYDKvvVB,2019-11-01 06:42:08
1190156851750543360,"Allts√•, dessa stolpskott till ministrar! üëá\n\n‚ùåMinst tv√• spr√§ngningar per dygn.\n‚ùåEn skjutning vartannat.\n‚ùåSex r√•n av‚Ä¶ https://t.co/ZUcIgBdWeW",2019-11-01 06:41:20
1190155187568218117,"Media har sv√•rt att hitta nya vinklingar p√• standardnyhet.\n""Tio skott - ja, det var ju ovanligt m√•nga. Det brukar j‚Ä¶ https://t.co/CL3rVZrZc7",2019-11-01 06:34:43
1190152214544867328,"Media har sv√•rt att hitta nya vinklingar p√• standardnyhet.\n""Tio skott - ja, det var ju ovanligt m√•nga. Det brukar j‚Ä¶ https://t.co/CL3rVZrZc7",2019-11-01 06:22:54
1190152106839293952,Kan inte media bara fr√•n och med nu rapportera n√§r det INTE skett en skjutning eller spr√§ngning under natten ist√§ll‚Ä¶ https://t.co/aFxq42D0tb,2019-11-01 06:22:28
1190148474370695168,En d√∂d i skjutning. En normal start p√• dagen numera! #svpol https://t.co/C15ijUl9X4,2019-11-01 06:08:02
1190148017170632704,Kan inte media bara fr√•n och med nu rapportera n√§r det INTE skett en skjutning eller spr√§ngning under natten ist√§ll‚Ä¶ https://t.co/aFxq42D0tb,2019-11-01 06:06:13
1190143869926748160,"@Samtidens @Provokatoren Precis som i Japan.\nStackars de. En skjutning 2015.\nPoliser har inget att g√∂ra. \n127 miljoner inv√•nare.",2019-11-01 05:49:45
1190142686340235264,DN Sthlm: Taxichauff√∂r oskyldigt offer vid skjutning mot kriminell #tomorrowspaperstoday https://t.co/OkPcRLpWPf,2019-11-01 05:45:02
1190141845151420417,En skadad efter skjutning i Malm√∂ ‚Äì minst tio skott https://t.co/6S5IQw8cNc via @omni_red,2019-11-01 05:41:42
1190098591806824450,@sjunnedotcom @omni_red Jag undrar varf√∂r det kallas skjutning och inte mordf√∂rs√∂k.,2019-11-01 02:49:49
1190098353301983232,En skadad efter skjutning i Malm√∂ ‚Äì minst tio skott https://t.co/6S5IQw8cNc via @omni_red,2019-11-01 02:48:53
1190005965745209346,DN Sthlm: Taxichauff√∂r oskyldigt offer vid skjutning mot kriminell #tomorrowspaperstoday https://t.co/OkPcRLpWPf,2019-10-31 20:41:46
1189912640669339648,@mikaelgrev ‚ÄùSkjutning‚Äù. Gl√∂m inte ‚Äùskjutning‚Äù.,2019-10-31 14:30:55
1189883809753391104,2 √•r sen New York City truck attack. √Ötta m√§nniskor avled i det d√∂dligaste terrord√•det i New York sen 9/11. M√•nga m‚Ä¶ https://t.co/6mJvWkZFHz,2019-10-31 12:36:21
1189861660086939648,@DagWiedersheim @Sverigebilden08 Det √§r ju s√• det √§r. Det √§r just den d√§r kulturellt betingade l√§ttkr√§nktheten som‚Ä¶ https://t.co/VSrmmuSGQP,2019-10-31 11:08:20
1189841506552700928,Jag √§r f√∂dd i b√∂rjan p√• 70-talet och b√∂rjade l√§sa nyheter som 5-√•ring (sant!) och minns n√§r det h√§nde n√•got d√•d i S‚Ä¶ https://t.co/r5xxvrI6Fc,2019-10-31 09:48:16
1189836293523562496,F√∂rst skjutning sen tacos. #mexico,2019-10-31 09:27:33
1189784913001795584,"Blocket √§r v√§l fullt av Audi till salu?\n\nhttps://t.co/mRWNl6CfGv",2019-10-31 06:03:23
1189740582966616064,Polisen vill ha tips om Audi efter skjutning i Sickla https://t.co/obPQaqasso via @omni_red,2019-10-31 03:07:13
1189697091003699201,"Folk inser att de √§r i SWEDEN n√§r ""en skjutning med tre d√∂da"" i en avl√§gsen ort i USA ger st√∂rre rubriker i svenska‚Ä¶ https://t.co/9EXiVbTxx4",2019-10-31 00:14:24
1189690211103596544,"@knaborg55 @beckmansasikter G√∂r det? Konstigt ‚Äì jag har inte sett eller h√∂rt vare sig en brand, explosion eller skj‚Ä¶ https://t.co/v3mhz8JmZg",2019-10-30 23:47:04
1189673978316705792,Polisen vill ha tips om Audi efter skjutning i Sickla (via @omni_red) https://t.co/OSLr9UauVe,2019-10-30 22:42:34
1189651500395577351,"Folk inser att de √§r i SWEDEN n√§r ""en skjutning med tre d√∂da"" i en avl√§gsen ort i USA ger st√∂rre rubriker i svenska‚Ä¶ https://t.co/9EXiVbTxx4",2019-10-30 21:13:15
1189553109498028032,"Folk inser att de √§r i SWEDEN n√§r ""en skjutning med tre d√∂da"" i en avl√§gsen ort i USA ger st√∂rre rubriker i svenska‚Ä¶ https://t.co/9EXiVbTxx4",2019-10-30 14:42:16
1189552101963243520,Minst tre personer har d√∂dats och nio skadats i en skjutning p√• en Halloweenfest i s√∂dra Los Angeles-omr√•det. https://t.co/eIgoRmjusM,2019-10-30 14:38:16
1189539897713070080,"Halloween firande bland v√§nner, 2 st maskerade m√§nniskor kommer in &amp; b√∂rjar med skjutning. 1 person √∂verlever &amp; √•te‚Ä¶ https://t.co/5T8aFcm4p5",2019-10-30 13:49:46
1189521755309793286,"Folk inser att de √§r i SWEDEN n√§r ""en skjutning med tre d√∂da"" i en avl√§gsen ort i USA ger st√∂rre rubriker i svenska‚Ä¶ https://t.co/9EXiVbTxx4",2019-10-30 12:37:41
1189521538485231616,"Ja, visst √§r det f√∂rv√•nande, men i ryska media finns det ""bara"" en Bulava-skjutning fr√•n Ishavet till Ochotska sj√∂n‚Ä¶ https://t.co/viuSIJVVLq",2019-10-30 12:36:49
1189516920028090375,"Folk inser att de √§r i SWEDEN n√§r ""en skjutning med tre d√∂da"" i en avl√§gsen ort i USA ger st√∂rre rubriker i svenska‚Ä¶ https://t.co/9EXiVbTxx4",2019-10-30 12:18:28
1189513660324032512,"Folk inser att de √§r i SWEDEN n√§r ""en skjutning med tre d√∂da"" i en avl√§gsen ort i USA ger st√∂rre rubriker i svenska‚Ä¶ https://t.co/9EXiVbTxx4",2019-10-30 12:05:31
1189468066020823040,Minst tre d√∂da efter skjutning p√• Halloweenfest i USA  https://t.co/voDxcr1LGU #Expressen via @Expressen,2019-10-30 09:04:20
1189467367526621184,"Folk inser att de √§r i SWEDEN n√§r ""en skjutning med tre d√∂da"" i en avl√§gsen ort i USA ger st√∂rre rubriker i svenska‚Ä¶ https://t.co/9EXiVbTxx4",2019-10-30 09:01:34
1189466996162908160,"Folk inser att de √§r i SWEDEN n√§r ""en skjutning med tre d√∂da"" i en avl√§gsen ort i USA ger st√∂rre rubriker i svenska‚Ä¶ https://t.co/9EXiVbTxx4",2019-10-30 09:00:05
1189464038188732416,Last night in US. Flera d√∂da efter skjutning i USA https://t.co/NXTnVLyDUJ,2019-10-30 08:48:20
1189463178494787584,"Folk inser att de √§r i SWEDEN n√§r ""en skjutning med tre d√∂da"" i en avl√§gsen ort i USA ger st√∂rre rubriker i svenska‚Ä¶ https://t.co/9EXiVbTxx4",2019-10-30 08:44:55
1189451944252694528,JUST NU: Skjutning i Kalifornien ‚Äì flera d√∂da https://t.co/HnHcWWk9kW,2019-10-30 08:00:17
1189445809600905217,Flera d√∂da efter skjutning i USA https://t.co/c3TZLYzI9A via @svtnyheter,2019-10-30 07:35:54
1189442318748835840,.@sr_ekot: Just nu: Skjutning p√• halloweenfest ‚Äì tre d√∂da https://t.co/yM47FhA6Lw https://t.co/ipdtrByJoH,2019-10-30 07:22:02
1189440581963001856,.@sr_ekot: Just nu: Skjutning p√• halloweenfest ‚Äì tre d√∂da https://t.co/yM47FhA6Lw https://t.co/ipdtrByJoH,2019-10-30 07:15:08
1189434363303337985,Minst tre personer har d√∂tt efter en skjutning i ett hem i Long Beach i Kalifornien i USA. Initiala uppgifter p√• at‚Ä¶ https://t.co/Jlu8eqPIQ1,2019-10-30 06:50:25
1189177361532624896,@nHenrikJ @Gabe_H_Cuod Givetvis en ledarskapsbrist. Miss vid visitation efter skjutning. Det var tur att herr K bar‚Ä¶ https://t.co/HLBxfQGdeH,2019-10-29 13:49:11
1189165220553461761,"@beckmansasikter Regeringen duckar √§ven f√∂r skjutning i V√•rby? \n\nInte undra p√• att de inte √§r r√§dda f√∂r bomber och‚Ä¶ https://t.co/pi76vcGLxq",2019-10-29 13:00:56
1189135136073404416,@fridaeneblom1 Det √§r v√§l skjutning varje natt s√• ingen kan sova,2019-10-29 11:01:24
1189113170721497089,"Skjutning mot l√§genhet i V√•rby, polisen s√∂ker efter bil som l√§mnade platsen efter skjutningen https://t.co/Wk3vwR5roy",2019-10-29 09:34:07
1188921019744043009,"@mrhenko123 S√• s√§ger du nu, men n√§r den d√§r krabban har beg√•tt sin f√∂rsta skjutning s√• √§r det Mats som f√•r r√§tt!",2019-10-28 20:50:34
1188903442284240899,"@Nyheterna nu ska vi se om ni rapporterar om bombd√•d Helsingborg, skjutning Norrk√∂ping, f√∂rs√∂k till mord Sthlm med sex skadade till sjukhus!",2019-10-28 19:40:44
1188895191815593988,Tv√• skadade efter skjutning vid mosk√© i Frankrike https://t.co/5SIFC8uRLg via @omni_red,2019-10-28 19:07:56
1188879922925834241,"""...han ska h√§ktas p√• sannolika sk√§l f√∂r f√∂rs√∂k till mord, grov misshandel och grovt vapenbrott""\n\nMan h√§ktad f√∂r sk‚Ä¶ https://t.co/CB9E3uH7wc",2019-10-28 18:07:16
1188871880356352001,"""...han ska h√§ktas p√• sannolika sk√§l f√∂r f√∂rs√∂k till mord, grov misshandel och grovt vapenbrott""\n\nMan h√§ktad f√∂r sk‚Ä¶ https://t.co/CB9E3uH7wc",2019-10-28 17:35:19
1188871303207489536,@YttraYttra2 Vi som fortfarande har √∂gon att se med noterar att pension√§rerna √§r en tillg√•ng f√∂r Sverige. Det √§r he‚Ä¶ https://t.co/VdTAoe6FkN,2019-10-28 17:33:01
1188862335064203265,"N√•got √§ldre g√§rningsman √§n brukligt! Man skulle ju kunna tro att √•lder ger sans och balans! Men tydligen inte! \nTv√•‚Ä¶ https://t.co/WfuP2F1Q5Z",2019-10-28 16:57:23
1188850730813284352,"Tv√• skadade efter skjutning vid mosk√© i Frankrike\nhttps://t.co/ePQhYRJN9I https://t.co/6DKNiQOG6W",2019-10-28 16:11:16
1188849278069985280,"Dagen med DN ‚Äì v√§rlden i korthet. \nSilverf√§rgad bil s√∂ks efter skjutning av advokat.\nhttps://t.co/wTZQPOapac\nH√§r √§r‚Ä¶ https://t.co/JGcVuG50pb",2019-10-28 16:05:30
1188847071421448192,"Dagen med DN ‚Äì v√§rlden i korthet. \nSilverf√§rgad bil s√∂ks efter skjutning av advokat.\nhttps://t.co/wTZQPOapac\nH√§r √§r‚Ä¶ https://t.co/JGcVuG50pb",2019-10-28 15:56:44
1188820924713328646,Morgan J muttrar om att f√∂r mycket vapen i omlopp i Sverige just nu och d√§rf√∂r s√• mycket skjutning . P√• 80 tal. gjo‚Ä¶ https://t.co/eUUJx55T53,2019-10-28 14:12:50
1188803284821262339,"Hot och utpressning bakom skjutning p√• villa i skogen ‚Äì polisen kartl√§gger timmar: ""Vet inte n√§r det skett"" https://t.co/GS9uoJAJFY",2019-10-28 13:02:44
1188797013833519105,Varit i Malm√∂ i snart tv√• timmar och inte sett en enda skjutning :(,2019-10-28 12:37:49
1188794660577316865,"Hot och utpressning bakom skjutning p√• villa i skogen ‚Äì polisen kartl√§gger timmar: ""Vet inte n√§r det skett"" https://t.co/GS9uoJAJFY",2019-10-28 12:28:28
1188794457421955072,"Hot och utpressning bakom skjutning p√• villa i skogen ‚Äì polisen kartl√§gger timmar: ""Vet inte n√§r det skett"" https://t.co/RttN4bkaMK",2019-10-28 12:27:40
1188788418752536576,Morgan J muttrar om att f√∂r mycket vapen i omlopp i Sverige just nu och d√§rf√∂r s√• mycket skjutning . P√• 80 tal. gjo‚Ä¶ https://t.co/eUUJx55T53,2019-10-28 12:03:40
1188787883534147584,"@FilosofenNils Tv√§rt om, om vi leker med tanken att ingen vill donera till en person som kanske f√•tt den skadad genom en skjutning och s√•.",2019-10-28 12:01:32
1188778125250965505,Morgan J muttrar om att f√∂r mycket vapen i omlopp i Sverige just nu och d√§rf√∂r s√• mycket skjutning . P√• 80 tal. gjo‚Ä¶ https://t.co/eUUJx55T53,2019-10-28 11:22:46
1188771533407342592,Morgan J muttrar om att f√∂r mycket vapen i omlopp i Sverige just nu och d√§rf√∂r s√• mycket skjutning . P√• 80 tal. gjo‚Ä¶ https://t.co/eUUJx55T53,2019-10-28 10:56:34
1188760848380104704,Man h√§ktad f√∂r skjutning p√• S√§tuna  https://t.co/B859xOgOtr,2019-10-28 10:14:07
1188751881444773894,Morgan J muttrar om att f√∂r mycket vapen i omlopp i Sverige just nu och d√§rf√∂r s√• mycket skjutning . P√• 80 tal. gjo‚Ä¶ https://t.co/eUUJx55T53,2019-10-28 09:38:29
1188707816246251520,@anderslindberg @YB_Sodermalm H√•rdare regler f√∂r √•se nisse mauser m/96 hindra att vapen kommer till g√∂ngkriminella‚Ä¶ https://t.co/byVi6A7Typ,2019-10-28 06:43:23
1188610419163881473,"@GTnyheter Att vi har inb√∂rdeskrig √§r bara en liten petitess?!ü§î \n\n‚ÄùOm det h√§r hade genomf√∂rts av extremister s√• had‚Ä¶ https://t.co/TaIpbFHWsD",2019-10-28 00:16:21
1188586939718537216,Sp√§nd st√§mning p√• Christiania efter polisskjutningen https://t.co/0KStNUAfV6,2019-10-27 22:43:03
1188442415771852800,"En skjutning har √§gt rum p√• en universitetsfest i staden Greenville i √∂stra Texas i USA, skriver lokala medier. https://t.co/TFw95LN9Gf",2019-10-27 13:08:46
1188441253215649792,Jag fattar inte. Det skjuts ju h√§r varje dag. Men det blir bara en liten notis. Nu √§r detta en huvudrubrik om vad s‚Ä¶ https://t.co/EWpdUfPLL1,2019-10-27 13:04:09
1188415436360163330,Minst tv√• personer har d√∂dats och flera skadats i en skjutning p√• en studentfest i Greenville utanf√∂r Dallas i √∂str‚Ä¶ https://t.co/in9FRRgJai,2019-10-27 11:21:34
1188414310676127744,Minst tv√• personer har d√∂dats och flera skadats i en skjutning p√• en studentfest i Greenville utanf√∂r Dallas i √∂str‚Ä¶ https://t.co/in9FRRgJai,2019-10-27 11:17:05
1188410405829394437,@nya_ord_i_dn Uppgifter: Tv√• d√∂da i skjutning p√• universitetsfest i Texas.,2019-10-27 11:01:35
1188406477385535488,.@sr_ekot: Skjutning i Texas ‚Äì tv√• d√∂da https://t.co/5FqXWSkDam https://t.co/4bozuw7hUi,2019-10-27 10:45:58
1188405842942533637,"Skjutning vid studentfest i Texas\nhttps://t.co/KgGRZ8g6gu",2019-10-27 10:43:27
1188349389749784577,"@Nyheterna nu ska vi se om ni rapporterar om bombd√•d Helsingborg, skjutning Norrk√∂ping, f√∂rs√∂k till mord Sthlm med sex skadade till sjukhus!",2019-10-27 06:59:07
1188327904712638467,@beredd @johanssonmorgan @mikaeldamberg En ‚Äùvanlig‚Äù l√∂rdagsnatt. Bla en Spr√§ngning i Helsingborg och en sv√•rt skada‚Ä¶ https://t.co/cIxfU4zlSg,2019-10-27 05:33:45
1188292429050454016,@bustaNcs @feliciaaaaa01 @charl1eandersen Skjutning,2019-10-27 03:12:47
1188038024053055488,"Jag vill se mer ansvarstagande av v√•ra folkvalda politiker, som vi anf√∂rtrott med v√•rat kapital och s√§kerheten i la‚Ä¶ https://t.co/jraxkkzlgw",2019-10-26 10:21:52
1188023826824794112,"@kjellsloggs @MiaVest66 M√•nga.\n\nhttps://t.co/u9bttKhVK2",2019-10-26 09:25:27
1188011980344442880,"Stefan L√∂fven! I kv√§ll den 17 oktober 2019, har det varit minst tv√• skjutningar i Sverige. En i Huskvarna d√§r en to‚Ä¶ https://t.co/3Dz95He2mG",2019-10-26 08:38:22
1187987909485441024,"@GroningLotta Touch√©! F√∂r varje r√•noffer, gruppv√•ldt√§ktoffer, skjutning etc etc, s√• finns det typ 10-15 st anh√∂riga‚Ä¶ https://t.co/B5Gs0ilOCo",2019-10-26 07:02:44
1187983657631473665,"@GroningLotta Touch√©! F√∂r varje r√•noffer, gruppv√•ldt√§ktoffer, skjutning etc etc, s√• finns det typ 10-15 st anh√∂riga‚Ä¶ https://t.co/B5Gs0ilOCo",2019-10-26 06:45:50
1187962284552966147,Att jag tror Trump +Puto √§r sannt √§r f√∂r att utan konflikter och skjutning ar =ingen vapen f√∂rs√§ljning = ingen vape‚Ä¶ https://t.co/xjy7nj3tnS,2019-10-26 05:20:54
1187955925220544514,"@socialdemokrat Varf√∂r j√§vlas ni med lagliga skyttar?\nTror ni att ni ens kommer stoppa EN ENDA skjutning med dessa‚Ä¶ https://t.co/lz2JpeEyJT",2019-10-26 04:55:38
1187897424993542146,"@socialdemokrat Varf√∂r j√§vlas ni med lagliga skyttar?\nTror ni att ni ens kommer stoppa EN ENDA skjutning med dessa‚Ä¶ https://t.co/lz2JpeEyJT",2019-10-26 01:03:10
1187886117930049536,"@SaraAnd17564998 @hanifbali Eller hur? T√§nk dig att vakna en morgon d√§r ingen v√•ldt√§kt, skjutning eller bomb har skett p√• 2 dagar.",2019-10-26 00:18:15
1187701948394430464,@komagnusson @MC_Polis @Bandhag S√• du vill inf√∂ra m√•ngmiljonkostnader i byr√•krati. St√§lla till livet f√∂r 700 000 la‚Ä¶ https://t.co/mR9hgOeeyI,2019-10-25 12:06:25
