1190556168772554752,"@GatersD Ja, det m√•ste vara skytten. F√∂r denne fick ju kvittera ut l√§nken.\n\n√ñh....hur skall Flygvapnet l√∂sa ut det‚Ä¶ https://t.co/ueCS3c12RO",2019-11-02 09:08:04
1190554974201270273,@oplatsen Blir det √∂vningsledningen eller skytten som beg√•tt vapenbrott om inte alla hittas? Fr√•gar √•t en kompis.,2019-11-02 09:03:19
1190409958048911362,@chrissieSTH Sv√•rt se vad de annars skulle skriva... men just detta fall KAN faktiskt det stora brottet vara att ha‚Ä¶ https://t.co/vInqFtw5HW,2019-11-01 23:27:05
1190392916281372673,"@Dykaren21 @katjanouch Dags att se till att ""skytten ""l√§mnar Sverige!",2019-11-01 22:19:22
1190366451066118144,"Skytten sk√∂t bokstavligt talat en man i foten, men bildligt sig sj√§lv. https://t.co/Hx6U6ypng7",2019-11-01 20:34:12
1190331521456058372,"@chrissieSTH ""Ej f√∂rbesiktigad skjutning p√• tillf√§llig skjutbana"" och viktigaste fr√•gan: hade skytten licens p√• mag‚Ä¶ https://t.co/370PKFe8z3",2019-11-01 18:15:24
1190188462479204352,@PStLa2 N√§ skjuta utan k√•por kan man inte g√∂ra. Dock √§r hunden v√§ldigt l√•ngt fr√•n b√∂ssan j√§mf√∂rt skytten.,2019-11-01 08:46:56
1190013314883043330,@nHenrikJ @QvintusJohan @stakmaskin Mycket fina taktiska m√∂jligheter om laserbelysaren kan separeras fr√•n skytten dessutom.,2019-10-31 21:10:58
1189938099242975233,Skjutningarna: Ex-flickv√§nnen v√§grar identifiera misst√§nkte skytten https://t.co/SpmkDs5WPJ,2019-10-31 16:12:05
1189872288830803973,"#Skytten, 31/10.\nDu tycks beh√∂va hj√§lp f√∂r att sl√• sig in p√• en ny bana. \n#paradisehotelSE",2019-10-31 11:50:35
1188723514733420551,@tilldelat @Cylinderhatt @TimWalsh76 @SoldFcom @MacallanSWE Make sens! Diskussionerna g√§llande dumpning har f√∂rut l‚Ä¶ https://t.co/bnwr20h9qP,2019-10-28 07:45:45
1188708498454044676,@SoldFcom @MacallanSWE Varf√∂r anv√§nder skytten inte det fr√§mre greppet som vanligt folk!?,2019-10-28 06:46:05
1188577553969307648,"&lt;skulle i s√• fall betyda att .40-skytten skulle beh√∂va tre vapenlicenser f√∂r att skjuta 9 mm: En f√∂r vapnet, en f√∂r‚Ä¶ https://t.co/XRRGaztCqp",2019-10-27 22:05:46
1188442415771852800,"En skjutning har √§gt rum p√• en universitetsfest i staden Greenville i √∂stra Texas i USA, skriver lokala medier. https://t.co/TFw95LN9Gf",2019-10-27 13:08:46
1188392267243032576,"@Baphometpomade @Skolinkvisition Oh, grattis! Minns fr√•n v√•r timsl√•nga dragning att v√•r skola var hoppl√∂st sv√•r, m‚Ä¶ https://t.co/ncP3lM1hdD",2019-10-27 09:49:30
1188241151159078912,@Valfridsson86 Den skytten r√§ttar vi ‚úÖ,2019-10-26 23:49:01
1188089817856393216,Djurg√•rden-Oskarshamn 1-0 efter 20 min. Ett klart spel- och chansm√§ssigt √∂vertag f√∂r Djurg√•rden. IKO har haft tv√• p‚Ä¶ https://t.co/teN6wSjx1X,2019-10-26 13:47:40
1188083583078076428,"&lt;skulle i s√• fall betyda att .40-skytten skulle beh√∂va tre vapenlicenser f√∂r att skjuta 9 mm: En f√∂r vapnet, en f√∂r‚Ä¶ https://t.co/XRRGaztCqp",2019-10-26 13:22:54
1188064571107483648,"@dunkelbla_ √Ö andra sidan, du tillh√∂r ju en yrkesk√•r som f√∂rv√§ntas springa mot skytten ist√§llet f√∂r fr√•n n√§r n√•n ba‚Ä¶ https://t.co/FkxuBtnTUf",2019-10-26 12:07:21
1188045960087310336,"@Aas35Aas Underbart att han √§r mv! üèíü§óü•Ö\n‚Ä¢ Blicken p√• pucken hela v√§gen in i r√§ddningen.\n‚Ä¢ R√§dda klart - f√∂lj pucken‚Ä¶ https://t.co/qoIy9D8p5n",2019-10-26 10:53:24
1187998622899752960,"@jor6en Nog √§r det likt, men det d√§r √§r den glada skytten.",2019-10-26 07:45:18
1187856009211068416,"@palbergstrom ‚ÄùGateway pundit‚Äù ? P√• riktigt som k√§lla? Dom h√§ngde ut en oskyldig som skytten i las vegas 2017, ankl‚Ä¶ https://t.co/gyoKpfe7C7",2019-10-25 22:18:36
1187853181923012609,"&lt;skulle i s√• fall betyda att .40-skytten skulle beh√∂va tre vapenlicenser f√∂r att skjuta 9 mm: En f√∂r vapnet, en f√∂r‚Ä¶ https://t.co/XRRGaztCqp",2019-10-25 22:07:22
1187472854901649409,Om jag inte minns fel s√• har Kent tidigare kritiserat folk f√∂r att anv√§nda citationstecken till citat som inte √§r e‚Ä¶ https://t.co/24RNCAtpl4,2019-10-24 20:56:05
1187422841400188934,√ñrebros 1-1 m√•l mot Leksand √§r definitivt h√∂g klubba. Om man som zebra √§nd√• bortser fr√•n styrningen s√• m√•ste pucken‚Ä¶ https://t.co/vc5K0SEc8F,2019-10-24 17:37:21
1187382487485472770,@GustenDahlin Saknar mitt namn p√• den listan. Efter en stark s√§song i Reklamserien p√• Skyttenüëêüèª,2019-10-24 14:57:00
