1190631004526055430,Grattis Hammarby IF till en treplats allsvenskanÔøºÔøº nu tar vi EuropaÔøº med stormÔøº üíöüíöüíö,2019-11-02 14:05:26
1190615721656619009,".@MrTroy15:\n\n""Enligt SMHI s√• ska det sm√•l√§ndska h√∂glandet ha inlandsklimat. Det vill s√§ga ganska stora temperatursk‚Ä¶ https://t.co/1u06Gu1IjE",2019-11-02 13:04:43
1190589323332268034,likheterna: vi har en accelerande utveckling som delvis tar b√•de politiker och offentlighet med storm. precis som 2‚Ä¶ https://t.co/Puhu4UOqzw,2019-11-02 11:19:49
1190579566768619520,@Akshays_Storm Whatsapp pe bhej,2019-11-02 10:41:03
1190568373479989248,Akta dig f√∂r storm troopers @Snaljapen MVH,2019-11-02 09:56:34
1190567152132034561,@Akshays_Storm Danvir karna üòçüòç,2019-11-02 09:51:43
1190567097618882560,@Akshays_Storm Danvir karna üòçüòç,2019-11-02 09:51:30
1190559473263349762,"Jag hade f√∂r mig det hette julbelysning.\n\nhttps://t.co/zV6uiF5zH0",2019-11-02 09:21:12
1190554446415183873,"@kt_kobenhavn Senaste(sista) g√•ngen vi ""firade"" ett f√∂rlorat SM-guld p√• Stortorget? Minns att Madsen och Borg prata‚Ä¶ https://t.co/UBY8ZclsRR",2019-11-02 09:01:14
1190554327473106944,"√ñversv√§mningskaos i √∂stra Afrika ‚Äì ny storm p√• v√§g (via @omni_red)\nLandet kommer bli gr√∂nt ist√§llet f√∂r en √∂ken. https://t.co/kHwCFdAq9s",2019-11-02 09:00:45
1190553326850596864,"@Ericson_ubbhult @Expressen Ingen styr, det √§r problemet.\nVi flyter runt som en √∂vergiven b√•t i en storm och bara v‚Ä¶ https://t.co/y5pU80jpfq",2019-11-02 08:56:47
1190548802572374022,@storm_3113 @chrisjohnson00 @Miss_Snuffy Idiot,2019-11-02 08:38:48
1190527652685373440,"Detta har jag k√§nt p√• mig l√§nge.. L√§s boken ""Perfekt Storm""! https://t.co/a7fYT5hfJe",2019-11-02 07:14:45
1190517496610086912,@ItsSoft_Storm üò≠molning,2019-11-02 06:34:24
1190513681274228736,"@csbg Susan Storm, Helen Parr &amp; Sharon Ventura",2019-11-02 06:19:14
1190513145153933317,@mitss_ib MolningüòΩ,2019-11-02 06:17:07
1190504914528555013,"Jag hade f√∂r mig det hette julbelysning.\n\nhttps://t.co/zV6uiF5zH0",2019-11-02 05:44:24
1190436709403648000,Live! EG.rtz vs NiP.Gunnar &amp; J.Storm.MoOz [7747 MMR Avg] https://t.co/vz6sRlUQHv,2019-11-02 01:13:23
1190419647574749184,"ü•á @oniii_chaaann\nü•à @moniabaka\nü•â @Arashi_Storm\nüèÖ Mastergif38\nüèÖ @FujiwaraWaifu\nüèÖ @_ArrowFire_\nüèÖ @Okaelino",2019-11-02 00:05:35
1190413836857331712,@Storm_Area_51 ffbk,2019-11-01 23:42:30
1190409366052179968,"@setarimi I‚Äôm such a big storm \njoJDOKSKD IM SOBBING",2019-11-01 23:24:44
1190408130016006144,"@KristerThelin Tack vare √ñstling br√∂ts isen n√§r det g√§ller S och V:s eviga skatteh√∂jarpolitik. ""vad f-n f√•r jag"" gi‚Ä¶ https://t.co/oAM24294QT",2019-11-01 23:19:49
1190407068911579138,"@KristerThelin Tack vare √ñstling br√∂ts isen n√§r det g√§ller S och V:s eviga skatteh√∂jarpolitik. ""vad f-n f√•r jag"" gi‚Ä¶ https://t.co/oAM24294QT",2019-11-01 23:15:36
1190398446378868741,sdds Ice storm,2019-11-01 22:41:20
1190381785185734656,"Snipe. Kill zombie. Get sniped AT, snipe. #DayZps4 #DayZ  #PS4share\n\nhttps://t.co/oi5oJnBswD https://t.co/ldUQrnFvdc",2019-11-01 21:35:08
1190379815150469121,"Jag hade f√∂r mig det hette julbelysning.\n\nhttps://t.co/zV6uiF5zH0",2019-11-01 21:27:18
1190372411272843266,"De sex imamer som anses vara ett HOT mot rikets s√§kerhet kommer allts√• att f√• g√• runt och lalla fritt. \nSverige, du‚Ä¶ https://t.co/MPhXZmm2Vi",2019-11-01 20:57:53
1190371727597064193,Expressen h√§nger ut klimatbrottslingar med namn och bild. S√§llan har uttrycket ‚Äùpisstidning‚Äù passat s√• bra. https://t.co/fhU31Vqupb,2019-11-01 20:55:10
1190368084940513280,@AlexandraHedbo1 @Isavonschedvin1 N√§r √ñstling uttalade ‚Äùvad f-n f√•r jag‚Äù fick han svenska folkets st√∂d. Varje g√•ng‚Ä¶ https://t.co/nu3ocZP4iv,2019-11-01 20:40:42
1190360403508912128,Ser om Hot Shots i vuxen √•lder. Stort misstag. Det √§r p√• tok f√∂r m√•nga logiska luckor f√∂r att jag ska kunna ta filmen p√• allvar.,2019-11-01 20:10:10
1190359452681035776,"Momma Storm. üå™üí• #HappyHalloween\n#Xmen ‚ö°Ô∏è @ Hell's Kitchen, Manhattan https://t.co/urJO6lDSwa",2019-11-01 20:06:23
1190357794840436736,"Jag hade f√∂r mig det hette julbelysning.\n\nhttps://t.co/zV6uiF5zH0",2019-11-01 19:59:48
1190356444115357697,"Malm√∂.\n\nSer inte s√• bra ut hittills tyv√§rr. H√§ndemark och Storm bra, sedan √§r det lite blekt overall. https://t.co/iy0KP4BVIF",2019-11-01 19:54:26
1190341564889026560,"Jag hade f√∂r mig det hette julbelysning.\n\nhttps://t.co/zV6uiF5zH0",2019-11-01 18:55:19
1190338337854365696,"Jag hade f√∂r mig det hette julbelysning.\n\nhttps://t.co/zV6uiF5zH0",2019-11-01 18:42:29
1190337512901926912,"Jag hade f√∂r mig det hette julbelysning.\n\nhttps://t.co/zV6uiF5zH0",2019-11-01 18:39:13
1190334726348951552,RockStar Jack Storm Vi aspetta #ibooks https://t.co/QefngrYrLw In #italiano ! pdf1 https://t.co/t5SeEr7n6u,2019-11-01 18:28:08
1190332187490635778,"@KristerThelin Tack vare √ñstling br√∂ts isen n√§r det g√§ller S och V:s eviga skatteh√∂jarpolitik. ""vad f-n f√•r jag"" gi‚Ä¶ https://t.co/oAM24294QT",2019-11-01 18:18:03
1190332057089724418,Pep Guardiola backs Jurgen Klopp in fixture storm https://t.co/W8QmOcFtTq,2019-11-01 18:17:32
1190328469701443586,"Jag hade f√∂r mig det hette julbelysning.\n\nhttps://t.co/zV6uiF5zH0",2019-11-01 18:03:17
1190326930500919298,"Jag hade f√∂r mig det hette julbelysning.\n\nhttps://t.co/zV6uiF5zH0",2019-11-01 17:57:10
1190324277897244677,"Jag hade f√∂r mig det hette julbelysning.\n\nhttps://t.co/zV6uiF5zH0",2019-11-01 17:46:37
1190301676676227073,"lugnets stora storm\nlikt linjalens f√∂ljsamhet\ndelar sant fr√•n s√∂tt\n\n#lyrikfredag",2019-11-01 16:16:49
1190298727900205057,Pep Guardiola backs Jurgen Klopp in fixture storm https://t.co/9nDdhkvows,2019-11-01 16:05:06
1190296219328929793,"Jag hade f√∂r mig det hette julbelysning.\n\nhttps://t.co/zV6uiF5zH0",2019-11-01 15:55:07
1190281824049778688,@peintress3 @miketeets4 @OdinBsmart @RTerriers @HB04920973 @DanaElizabeth69 @terryatthebeach @TWITMO_INMATE‚Ä¶ https://t.co/CO5UOrzFEg,2019-11-01 14:57:55
1190278549896388609,"Jag hade f√∂r mig det hette julbelysning.\n\nhttps://t.co/zV6uiF5zH0",2019-11-01 14:44:55
1190277277118083073,"@Jerlerup @SofieLowenmark @MagnusRanstorp Nej, Tobbe. Du √§r socialdemokrat. Ni har st√§llts inf√∂r tusentals olika va‚Ä¶ https://t.co/R2OHaIgQqL",2019-11-01 14:39:51
1190275082188468226,"Jag hade f√∂r mig det hette julbelysning.\n\nhttps://t.co/zV6uiF5zH0",2019-11-01 14:31:08
1190264049428246528,"Jag hade f√∂r mig det hette julbelysning.\n\nhttps://t.co/zV6uiF5zH0",2019-11-01 13:47:18
1190262019116687360,"@pete_phellgreen @moderaterna Det √§r som en ""Perfect storm"" vem f-n ska man r√∂sta p√• i sverige egentligen om man in‚Ä¶ https://t.co/gg9tHgEZy4",2019-11-01 13:39:14
1190261291706769409,@Akshays_Storm Guddan üòçüòç‚ù§Ô∏è,2019-11-01 13:36:20
1190241878416998406,"@Mike_Walsh_FIN S√• kallade ""standoff weapons"" typ JASSM, Taurus (KEPD-350), Storm Shadow, etc. \nFinland har ju nu J‚Ä¶ https://t.co/4ioJ261xFK",2019-11-01 12:19:12
1190240797058318337,"""The perfect storm"" intervjun i @svtnyheter om Arbetsf√∂rmedlingen var befriande! √Ñntligen en riktig intervju! En re‚Ä¶ https://t.co/LE38bt8ZEb",2019-11-01 12:14:54
1190239181546676227,"""The perfect storm"" intervjun i @svtnyheter om Arbetsf√∂rmedlingen var befriande! √Ñntligen en riktig intervju! En re‚Ä¶ https://t.co/LE38bt8ZEb",2019-11-01 12:08:29
1190232380755398656,@StudioAllsvensk Gigovic. 17 √•r och tar allsvenskan med storm.,2019-11-01 11:41:27
1190221024186507267,@Nights_Storm Sexy Vader,2019-11-01 10:56:20
1190220530210787329,@Billofrights9 T√§nker os√∂kt p√• ett reportage fr√•n Norrbotten d√§r en stor j√§vla fura hade lagt sig √∂ver ett hus unde‚Ä¶ https://t.co/RdUXTkSjW3,2019-11-01 10:54:22
1190218024730710016,"Jag hade f√∂r mig det hette julbelysning.\n\nhttps://t.co/zV6uiF5zH0",2019-11-01 10:44:24
1190216294538338305,"Vilket √§r det konstigaste Youtube/instakonto ni f√∂ljer? Mitt √§r en kille som √•ker omkring och rensar ""storm drains""‚Ä¶ https://t.co/fx5Mcm6nxZ",2019-11-01 10:37:32
1190214997533696000,"Jag hade f√∂r mig det hette julbelysning.\n\nhttps://t.co/zV6uiF5zH0",2019-11-01 10:32:23
1190214582842875905,Mitt barn i skelettdr√§kt + min nedtrappning av SSRI √§r en perfekt storm üò≠‚ô•Ô∏è https://t.co/y1BwrZb1pp,2019-11-01 10:30:44
1190211592123756544,"Jag hade f√∂r mig det hette julbelysning.\n\nhttps://t.co/zV6uiF5zH0",2019-11-01 10:18:51
1190175959976153089,"@lillerik @PeterRosdahl Sant, och tror att streaming landskapet ser v√§ldigt annorlunda ut om 2-3 √•r och Apple √§r ju‚Ä¶ https://t.co/mc0pC4dFPN",2019-11-01 07:57:15
1190173282382864384,"Jag hade f√∂r mig det hette julbelysning.\n\nhttps://t.co/zV6uiF5zH0",2019-11-01 07:46:37
1190173256147447808,"Jag hade f√∂r mig det hette julbelysning.\n\nhttps://t.co/zV6uiF5zH0",2019-11-01 07:46:31
1190172725752545281,Jag loggade precis in p√• Heroes of the Storm och noterar att Blizzard kickstartar #BlizzCon2019 med att l√•ta alla k‚Ä¶ https://t.co/5gi5U3X5lQ,2019-11-01 07:44:24
1190172343412363265,"Jag hade f√∂r mig det hette julbelysning.\n\nhttps://t.co/zV6uiF5zH0",2019-11-01 07:42:53
1190170659441332224,"Jag hade f√∂r mig det hette julbelysning.\n\nhttps://t.co/zV6uiF5zH0",2019-11-01 07:36:12
1190167369995431936,"""The perfect storm"" intervjun i @svtnyheter om Arbetsf√∂rmedlingen var befriande! √Ñntligen en riktig intervju! En re‚Ä¶ https://t.co/LE38bt8ZEb",2019-11-01 07:23:07
1190167152470441984,"Jag hade f√∂r mig det hette julbelysning.\n\nhttps://t.co/zV6uiF5zH0",2019-11-01 07:22:16
1190166762211426304,"Jag hade f√∂r mig det hette julbelysning.\n\nhttps://t.co/zV6uiF5zH0",2019-11-01 07:20:42
1190166048613556224,"Jag hade f√∂r mig det hette julbelysning.\n\nhttps://t.co/zV6uiF5zH0",2019-11-01 07:17:52
1190165154991874048,"Jag hade f√∂r mig det hette julbelysning.\n\nhttps://t.co/zV6uiF5zH0",2019-11-01 07:14:19
1190164999702011904,"Jag hade f√∂r mig det hette julbelysning.\n\nhttps://t.co/zV6uiF5zH0",2019-11-01 07:13:42
1190164960518770688,"Jag hade f√∂r mig det hette julbelysning.\n\nhttps://t.co/zV6uiF5zH0",2019-11-01 07:13:33
1190164214448562176,"Jag hade f√∂r mig det hette julbelysning.\n\nhttps://t.co/zV6uiF5zH0",2019-11-01 07:10:35
1190149933355163650,Om jag la ut en IG-story som fick fler hahaha-svar √§n vanligt ig√•r? Ja. Om jag sen dr√∂mde inatt att jag tog Sverige‚Ä¶ https://t.co/6R4fi7pRvl,2019-11-01 06:13:50
1190125368671272960,@AvaAddams Hot ninja storm,2019-11-01 04:36:14
1190119507286798336,@DSGNTree Hungry tornados storm faster. https://t.co/xOTsItacPz,2019-11-01 04:12:56
1190114544884101122,"""The perfect storm"" intervjun i @svtnyheter om Arbetsf√∂rmedlingen var befriande! √Ñntligen en riktig intervju! En re‚Ä¶ https://t.co/LE38bt8ZEb",2019-11-01 03:53:13
1190077528204988416,bro wttfffff,2019-11-01 01:26:07
1190075783923945479,"Storm Ryan: h-\nTwitter: https://t.co/OhPz7VIt5l",2019-11-01 01:19:12
1190054669852258304,"SAM: CAB666: STORM, SADNESS, FUEL\nSk√•nes universitetssjukhus\n   Chauff√∂ren b√∂r h√§ngas!",2019-10-31 23:55:18
1190039125446938624,"Storm Ryan: h-\nTwitter: https://t.co/OhPz7VIt5l",2019-10-31 22:53:32
1190012540627107845,Mitt barn i skelettdr√§kt + min nedtrappning av SSRI √§r en perfekt storm üò≠‚ô•Ô∏è https://t.co/y1BwrZb1pp,2019-10-31 21:07:53
1190008474165534720,pussahh storm,2019-10-31 20:51:44
1190008213300817920,"""I Malm√∂ arena blev g√∂teborgarna snabbt nedtryckta i egen zon. Hemmalaget pressade p√• rej√§lt mot Johan Mattsson i b‚Ä¶ https://t.co/OvXcaqmao5",2019-10-31 20:50:41
1190004289768448002,"Storm Trooper &amp; Darth Vader\n@IBMTalentoMX \n#IBMGDL #SMS #FelizHalloween https://t.co/Snc6PJWBBt",2019-10-31 20:35:06
1189984454061756416,H√•ller med och den yngre generationen √§r storm f√∂rtjusta i Friends och MoS.,2019-10-31 19:16:17
1189980534526660614,Dragon Ball Z: Kakarot Ninja Storm https://t.co/ZpYQlEl9X0,2019-10-31 19:00:42
1189967489901486080,"M√Ö√Ö√Ö√Ö√ÖL! Frederik Storm snappar upp sin egen retur och trycker in Redhawks ledningsm√•l! 05:37.\n#MIFFHC | 1-0 https://t.co/kKPS6P7K3p",2019-10-31 18:08:52
1189967239048503296,M√•l. Frederik Storm ger Malm√∂ ledningen med 1-0 efter 5:37.,2019-10-31 18:07:52
1189964513103114240,@arppaul @Akshays_Storm Yrr sumit ka karo kuch ap,2019-10-31 17:57:03
1189962944228016128,Vad h√§nder n√§r isarna sm√§lter? Om byar som pl√∂tsligt inte l√§ngre har skydd mot storm - och hem i Alaska som riskera‚Ä¶ https://t.co/wnLC0VZaiA,2019-10-31 17:50:49
1189960444976357377,Dragon Ball Z: Kakarot Ninja Storm https://t.co/ZpYQlEl9X0,2019-10-31 17:40:53
1189935837213052928,Det fanns ju ett antal kvinnor i Salem som kanske inte helt h√•ller med... https://t.co/EH6k9mHKNC,2019-10-31 16:03:06
1189933315102515201,Jag tog studion med storm √§ven denna vecka! https://t.co/uWCoZoPzKK,2019-10-31 15:53:04
1189927219486961665,"@GunnarBj Detta √§r dock som sagt i sig inte en konsekvens av reformen, utan av andra faktorer som jag beskrev ovan.‚Ä¶ https://t.co/guKwISatrd",2019-10-31 15:28:51
1189926551912996866,@KarthikKeramalu Interstellar sand storm,2019-10-31 15:26:12
1189925822779527168,"Idag har #h√∂gskoledagen tagit Uni med storm. P√• ‚Å¶@helsinkiuni‚Å© har vi erbjudit mikrof√∂rel√§sningar, rundvandringar o‚Ä¶ https://t.co/Z3TJkylDOt",2019-10-31 15:23:18
1189925537499750406,"Idag har #h√∂gskoledagen tagit Uni med storm. P√• ‚Å¶@helsinkiuni‚Å© har vi erbjudit mikrof√∂rel√§sningar, rundvandringar o‚Ä¶ https://t.co/Z3TJkylDOt",2019-10-31 15:22:10
1189919098689511425,Dragon Ball Z: Kakarot Ninja Storm https://t.co/ZpYQlEl9X0,2019-10-31 14:56:35
1189914292721717248,Dragon Ball Z: Kakarot Ninja Storm https://t.co/ZpYQlEl9X0,2019-10-31 14:37:29
1189911855499796480,Dragon Ball Z: Kakarot Ninja Storm https://t.co/ZpYQlEl9X0,2019-10-31 14:27:48
1189911158406426624,Dragon Ball Z: Kakarot Ninja Storm https://t.co/ZpYQlEl9X0,2019-10-31 14:25:02
1189906808971972608,HAHAHAHA YALL GOTTA STOP https://t.co/Q1yPlVrZrB,2019-10-31 14:07:45
1189893422791966720,"""The perfect storm"" intervjun i @svtnyheter om Arbetsf√∂rmedlingen var befriande! √Ñntligen en riktig intervju! En re‚Ä¶ https://t.co/LE38bt8ZEb",2019-10-31 13:14:33
1189890682208604160,"#IKEA lanserar kollektionen vinterfest, och genast utbryter det en storm p√• Twitter. Uppenbarligen missar n√•gra (me‚Ä¶ https://t.co/DPdLGQFfOV",2019-10-31 13:03:40
1189888204834529280,@AlexandraHedbo1 Storm i ett vattenglas verkar det som. Gjort som sk√§mt och en ickeh√§ndelse i s√• fall.,2019-10-31 12:53:49
1189833638847959040,"Queff &amp; Denniz Prime - Bl√•ser (feat. Jack Moy) (OFFICIELL VIDEO) https://t.co/uNMP2MfBaJ via @YouTube \n\nDet bl√•ser upp till storm",2019-10-31 09:17:00
1189829090855079936,"@JohanIngero Jag har sett flera avsnitt av Swebbtv, har √§ven h√∂rt intervjun med √ñstling. Snackar om att det har bli‚Ä¶ https://t.co/GvS4cma7Rk",2019-10-31 08:58:55
1189828145983168512,@katjanouch Fast v√§nta..IKEA pratar om Julen och anv√§nder ordet Jul p√• sin hemsida. Dom har d√∂pt en servis och deko‚Ä¶ https://t.co/j7AUgEgq6w,2019-10-31 08:55:10
1189823677686304768,"@vickanviklund Varf√∂r skrev du det d√•? :)\nKombinationen Luf och juridikstudent √§r verkligen the perfect storm...",2019-10-31 08:37:25
1189812719718809601,#Lingerie Mina Storm ‚Äì #Timpa https://t.co/ahEFVxf3ph #venteprivee #v√™tementsenfants #v√™tementsfemme #ventespriv√©es #brassi√®res #culottes,2019-10-31 07:53:52
1189812139428630528,Lingerie Mina Storm ‚Äì Timpa https://t.co/lDbW9fhIWA https://t.co/RSYvG7O9ad,2019-10-31 07:51:34
1189809064093605889,"J√∂nsson. Kriget mot Anna Gullberg vid v√§derinstitutet Storm, flaggade under l√∂rdagen, men inte orkar st√• f√∂r att polisen",2019-10-31 07:39:21
1189791385953751041,Idiot Storm,2019-10-31 06:29:06
1189778430415519744,@Dempaslotteborn @Nebosa √Ñkta ved. Har dock ej beh√∂vt k√∂pa p√• 4 √•r pga ett gammalt piltr√§d som v√§lte i en storm. Vi‚Ä¶ https://t.co/rGOCggWhmU,2019-10-31 05:37:37
1189757484023656453,Halloween 2019 - Kira as Storm Pooper and Max as Dog Vadar #halloween #dogs #dogcostumes #halloween2019 #starwars‚Ä¶ https://t.co/yWu7IwvD69,2019-10-31 04:14:23
1189691442614198278,Storm king boss hella hard @FortniteGame,2019-10-30 23:51:57
1189689565025591296,"Queff &amp; Denniz Prime - Bl√•ser (feat. Jack Moy) (OFFICIELL VIDEO) https://t.co/uNMP2MfBaJ via @YouTube \n\nDet bl√•ser upp till storm",2019-10-30 23:44:30
1189689478803345411,storm hunter GIF https://t.co/wglCOy1Q8b,2019-10-30 23:44:09
1189675508012912640,let me in . ur gna need manpower to storm jyp https://t.co/swNaeX16Zh,2019-10-30 22:48:38
1189673627924357120,"@Blissful_Storm Sniff sniff.\n\n...Hm.",2019-10-30 22:41:10
1189669392512106496,tyga https://t.co/nQ7xdvYY8g,2019-10-30 22:24:20
1189669188035584002,@katjanouch Fast v√§nta..IKEA pratar om Julen och anv√§nder ordet Jul p√• sin hemsida. Dom har d√∂pt en servis och deko‚Ä¶ https://t.co/j7AUgEgq6w,2019-10-30 22:23:32
1189666388752781312,@4a_of @fuckyourwallDT @MysterySolvent @tired_oftrump @PPersnickety @QueenCandyLeigh @stuff_so @Sheep_Storm‚Ä¶ https://t.co/7sWCTYoXHw,2019-10-30 22:12:24
1189650160265125894,"Skrik p√• Electrical Storm igen, m√•ste v√§l varit sista ggr?",2019-10-30 21:07:55
1189643928762540032,@katjanouch Fast v√§nta..IKEA pratar om Julen och anv√§nder ordet Jul p√• sin hemsida. Dom har d√∂pt en servis och deko‚Ä¶ https://t.co/j7AUgEgq6w,2019-10-30 20:43:09
1189636999562567681,@katjanouch Fast v√§nta..IKEA pratar om Julen och anv√§nder ordet Jul p√• sin hemsida. Dom har d√∂pt en servis och deko‚Ä¶ https://t.co/j7AUgEgq6w,2019-10-30 20:15:37
1189620742960361473,@Rosenrasande Rej√§lt uppf√∂rstorat √§r vad det h√§r √§r. Storm i vattenglas. Sitt ned i kajaken!,2019-10-30 19:11:01
1189617790237495296,"Skulle ju vilja l√§gga lite tyngd p√• Electrical Storm i avd 6, men det √§r ju l√∂nl√∂st d√• man med all s√§kerhet VET att‚Ä¶ https://t.co/uXNf1m1WqE",2019-10-30 18:59:17
1189607397129703424,@amadcartoonist Emma and Storm,2019-10-30 18:17:59
1189602784141828096,@Lifskatten @SHLse @DIFHockeyse Kul med lite storm i sandl√•dan üëå,2019-10-30 17:59:40
1189597900772274176,@ItsSoft_Storm Guddu mama ‚ù§Ô∏èüò≠üò≠,2019-10-30 17:40:15
1189590850545819649,"Nu ligger prelimin√§rt system ute f√∂r lag travveteranen (ink√∂p 150kr)\n\nVi spikar\n7 Angel Ovea (6,9%)\n3 Electrical St‚Ä¶ https://t.co/n4Z74TBkBT",2019-10-30 17:12:14
1189590523545346049,"Nu ligger prelimin√§rt system ute f√∂r lag travveteranen (ink√∂p 150kr)\n\nVi spikar\n7 Angel Ovea (6,9%)\n3 Electrical St‚Ä¶ https://t.co/n4Z74TBkBT",2019-10-30 17:10:56
1189590422508724224,"Nu ligger prelimin√§rt system ute f√∂r lag travveteranen (ink√∂p 150kr)\n\nVi spikar\n7 Angel Ovea (6,9%)\n3 Electrical St‚Ä¶ https://t.co/n4Z74TBkBT",2019-10-30 17:10:32
1189587760677576704,"Nu ligger prelimin√§rt system ute f√∂r lag Amaru Boko (70kr) till kv√§llens V86-omg√•ng. \n\nKv√§llens spikar\n3 Reverend W‚Ä¶ https://t.co/bNvjy7w8cb",2019-10-30 16:59:58
1189587676124602368,"Nu ligger prelimin√§rt system ute f√∂r lag Amaru Boko (70kr) till kv√§llens V86-omg√•ng. \n\nKv√§llens spikar\n3 Reverend W‚Ä¶ https://t.co/bNvjy7w8cb",2019-10-30 16:59:38
1189587595417849859,"Nu ligger prelimin√§rt system ute f√∂r lag Amaru Boko (70kr) till kv√§llens V86-omg√•ng. \n\nKv√§llens spikar\n3 Reverend W‚Ä¶ https://t.co/bNvjy7w8cb",2019-10-30 16:59:18
1189587517542146048,"Nu ligger prelimin√§rt system ute f√∂r lag Amaru Boko (70kr) till kv√§llens V86-omg√•ng. \n\nKv√§llens spikar\n3 Reverend W‚Ä¶ https://t.co/bNvjy7w8cb",2019-10-30 16:59:00
1189587430162255873,"Nu ligger prelimin√§rt system ute f√∂r lag Amaru Boko (70kr) till kv√§llens V86-omg√•ng. \n\nKv√§llens spikar\n3 Reverend W‚Ä¶ https://t.co/bNvjy7w8cb",2019-10-30 16:58:39
1189587269004546058,"Nu ligger prelimin√§rt system ute f√∂r lag Amaru Boko (70kr) till kv√§llens V86-omg√•ng. \n\nKv√§llens spikar\n3 Reverend W‚Ä¶ https://t.co/bNvjy7w8cb",2019-10-30 16:58:01
1189585203813113857,9 kokta korvar borta p√• √∂sregns-storm-bussen-b√∂rjade-brinna-p√•-v√§gen-upp-Mj√§llbymatchen. https://t.co/t8GHGi08Ww,2019-10-30 16:49:48
1189572447651160065,"TOLD YOU. Har p√• riktigt inga kommentarer, √§r v√§l typ det h√§r man v√§ntat p√• sen pakterna bildades? Tr√•khotell. Grat‚Ä¶ https://t.co/GyFj5R9k5P",2019-10-30 15:59:07
1189555377072934912,"V86-6: Tror mycket p√• 3 Electrical Storm, chansspik!\n\nV86-7: S√•gar 9 Andre Agassi helt, det f√•r man v√§l √§ta upp sen‚Ä¶ https://t.co/qrh5IlwUg5",2019-10-30 14:51:17
1189553621354070022,JAG HAR HITTAT EN ASMR GENRE F√ñR MIG!!! ASMR WINTER SOUNDS!!! Walking in a Winter forest! Crunchy snow! Driving in‚Ä¶ https://t.co/dYUIIGs6Lp,2019-10-30 14:44:18
1189548121149173760,"@kallepilen Inte s√• farligt, men nog k√§nsligt f√∂r storm.",2019-10-30 14:22:27
1189522435714043909,Erling H√•land har under h√∂sten tagit fotbollsv√§rlden med storm och omg√§rdas nu av flertalet flyttrykten. Fr√•gan √§r‚Ä¶ https://t.co/o2xpg7Z8NS,2019-10-30 12:40:23
1189485993117863936,RT @lisagillis_: RockStar Jack Storm Vi aspetta #ibooks https://t.co/4ejDdWFQH6 In #italiano ! #pdf1 https://t.co/gd2OYlQZOn,2019-10-30 10:15:34
1189476094329667584,RT BookBangs¬† RT lisagillis_: RockStar Jack Storm Vi aspetta #ibooks https://t.co/3aohFxSLkn In #italiano ! #pdf1 https://t.co/e8fCNfqFT9,2019-10-30 09:36:14
1189475184262156288,RT @lisagillis_: RockStar Jack Storm Vi aspetta #ibooks https://t.co/4ejDdWFQH6 In #italiano ! #pdf1 https://t.co/gd2OYlQZOn,2019-10-30 09:32:37
1189472553531822081,RockStar Jack Storm Vi aspetta #ibooks https://t.co/QefngrYrLw In #italiano ! #pdf1 https://t.co/0iFmLofJ6W,2019-10-30 09:22:10
1189467649174134789,"J√§kla gn√§ll p√• situationen med H√∂gstr√∂m, s√• farligt √§r det inte. F√∂rst√•r runt J.P. d√• den inte alls √§r snygg. Men s‚Ä¶ https://t.co/vnnUmyTFxB",2019-10-30 09:02:41
1189457009566982144,"@GustavTibblin @SjodahlMartin @Skogsaktuellt @Skogsstyrelsen Har exvis h√∂rt hur man reagerat p√• ""tr√§d som ligger hu‚Ä¶ https://t.co/u398K47LFy",2019-10-30 08:20:24
1189453539711557632,"@SR_P1morgon @alicepetren @SR_utrikes ja j√∂sses t√§nk om en storm sveper bort alla dessa p√• ett br√§de, √∂verbefolknin‚Ä¶ https://t.co/dNqAWCPY6k",2019-10-30 08:06:37
1189453466437128193,@FMannerheim Skulle det kunna vara s√• att vi n√§rmar oss Peak Inkludering? Att den lilla storm som bl√•st upp (men so‚Ä¶ https://t.co/IDM9rH5EEI,2019-10-30 08:06:20
1189420311323783168,"jag g√•r i vinter skor p√• h√∂sten, alltid f√∂rberedd p√• storm",2019-10-30 05:54:35
1189417690810802176,RockStar Jack Storm Vi aspetta #Kindle https://t.co/2WoVPgICyf pdf1 https://t.co/fVhCId7Oi1,2019-10-30 05:44:10
1189390888448991232,@LauraMagdalene4 Solar storm !,2019-10-30 03:57:40
1189365299683975168,"Mammoth Storm - Alruna \nhttps://t.co/48WbZrlRtX https://t.co/MAKZF6TCin",2019-10-30 02:15:59
1189364022556188672,"Mammoth Storm - Alruna \nhttps://t.co/48WbZrlRtX https://t.co/MAKZF6TCin",2019-10-30 02:10:54
1189360855814692865,"Mammoth Storm - Alruna \nhttps://t.co/48WbZrlRtX https://t.co/MAKZF6TCin",2019-10-30 01:58:19
1189316352751869958,@jiris_b STORM KILLERRRR HAHAH,2019-10-29 23:01:29
1189301282911277057,Rare Silk - Storm. melodies,2019-10-29 22:01:36
1189284547705393152,"""BRB! Gotta storm a SKIF!"" https://t.co/dTZylDfr0h",2019-10-29 20:55:06
1189284528566747136,@Red_Green_Gone En perfekt storm.. Herrej√§vlar stolpskott.,2019-10-29 20:55:02
1189273230936301568,M-ledaren¬†Ulf Adelsohn¬†f√∂rsvarade f√∂retagande i Sydafrika med argumentet att ‚Äùde stackars negrerna‚Äù annars skulle s‚Ä¶ https://t.co/zZkqbfMBMn,2019-10-29 20:10:08
1189244596389371904,@bruuuoh @saxoririak *Storm flag :p,2019-10-29 18:16:21
1189237785040998405,"Lugnet f√∂re en storm (?) h√§r i G√∂teborg, eller som min b√§sta v√§n (g√∂teborgare) skulle ha sagt ‚Äùden ljusa sidan av v‚Ä¶ https://t.co/ixCHNz6PAj",2019-10-29 17:49:17
1189237583387209728,"Lugnet f√∂re en storm (?) h√§r i G√∂teborg, eller som min b√§sta v√§n (g√∂teborgare) skulle ha sagt ‚Äùden ljusa sidan av v‚Ä¶ https://t.co/ixCHNz6PAj",2019-10-29 17:48:29
1189221944316628993,@Just_Akid55 @WSOLogan Tundra storm?,2019-10-29 16:46:20
1189153620195004416,En storm o hagel kom f√∂rbi üòè,2019-10-29 12:14:51
1189124061672153089,Ge fan i att f√•nga dagen. Det √§r 2019 och vi har n√•got som kallas samtycke p√• agendan - l√•t dagen komma till dig el‚Ä¶ https://t.co/ryc8jbMgf2,2019-10-29 10:17:23
1189098780236406784,NEW PICKAXES! STORM KING PICKAXE!!!! üî•‚ù§ https://t.co/n5c5Xcqe3B,2019-10-29 08:36:56
1189098138830802945,NEW PICKAXES! STORM KING PICKAXE!!!! üî•‚ù§ https://t.co/n5c5Xcqe3B,2019-10-29 08:34:23
1189097947654430720,@s1l0x @demonjoefrance storm king pickaxe,2019-10-29 08:33:37
1189097519009140737,@s1l0x STORM KING PICKAXE ?,2019-10-29 08:31:55
1189094662394368000,@ShiinaBR @FunGamesLeaks @demonjoefrance storm king br pickaxe,2019-10-29 08:20:34
1189091798863491072,Den som s√•r vind f√•r sk√∂rda storm! https://t.co/fl3scKXLzA,2019-10-29 08:09:11
1189090894630273024,@miraaksoys Nej det skall de inte men de skall informera om hur det ser ut i Sverige om √§n utan s√§ljande kalkyler.‚Ä¶ https://t.co/0NBqt15pMh,2019-10-29 08:05:36
1189090522696052736,@rockyrowds @NBA solar storm,2019-10-29 08:04:07
1189080713393512448,Den som s√•r vind f√•r sk√∂rda storm! https://t.co/fl3scKXLzA,2019-10-29 07:25:08
1189079596869787649,@PHillergard @Nisse_Hoa @omni_red Men varf√∂r denna storm i vattenglas? Sluta k√∂pa plastp√•sar s√• √§r saken biff. De √•‚Ä¶ https://t.co/4sLMMf1cFz,2019-10-29 07:20:42
1189076942475218944,@leif_oster Men det sagt vill jag inte p√•st√• att h√∂sten inte √§r fin h√§r. Var ute i sk√§rg√•rden i helgen och det var‚Ä¶ https://t.co/jZLKAlpBus,2019-10-29 07:10:09
1189067090574987264,"Gio &amp; J-Nu - Storm\n\nhttps://t.co/kmMrc2CJ74 https://t.co/qlolOh6kXq",2019-10-29 06:31:00
1188964878876168192,Polera importada storm talla M $12.000 solo una en stock en Morbid Metal Store https://t.co/f5NysvMG2p,2019-10-28 23:44:51
1188953730965790720,Ge fan i att f√•nga dagen. Det √§r 2019 och vi har n√•got som kallas samtycke p√• agendan - l√•t dagen komma till dig el‚Ä¶ https://t.co/ryc8jbMgf2,2019-10-28 23:00:33
1188951478846853120,Akkaderna sveptes bort av sandstorm. https://t.co/ecdl1UoBrs,2019-10-28 22:51:36
1188945352545755136,@AwareFrequency @voeljegoed @HB04920973 @4heartandsoul @_twiceborn_ @donnie_maga @RTerriers @ThomasFines @jaimec729‚Ä¶ https://t.co/shfVFpyQfN,2019-10-28 22:27:16
1188943951182483456,@AwareFrequency @voeljegoed @HB04920973 @4heartandsoul @_twiceborn_ @donnie_maga @RTerriers @ThomasFines @jaimec729‚Ä¶ https://t.co/shfVFpyQfN,2019-10-28 22:21:42
1188941377977094144,Ge fan i att f√•nga dagen. Det √§r 2019 och vi har n√•got som kallas samtycke p√• agendan - l√•t dagen komma till dig el‚Ä¶ https://t.co/ryc8jbMgf2,2019-10-28 22:11:28
1188939360663674880,Ge fan i att f√•nga dagen. Det √§r 2019 och vi har n√•got som kallas samtycke p√• agendan - l√•t dagen komma till dig el‚Ä¶ https://t.co/ryc8jbMgf2,2019-10-28 22:03:27
1188909946349457410,@AwareFrequency @voeljegoed @HB04920973 @4heartandsoul @_twiceborn_ @donnie_maga @RTerriers @ThomasFines @jaimec729‚Ä¶ https://t.co/shfVFpyQfN,2019-10-28 20:06:34
1188902235322892288,@AwareFrequency @voeljegoed @HB04920973 @4heartandsoul @_twiceborn_ @donnie_maga @RTerriers @ThomasFines @jaimec729‚Ä¶ https://t.co/shfVFpyQfN,2019-10-28 19:35:56
1188901067741945859,@AwareFrequency @voeljegoed @HB04920973 @4heartandsoul @_twiceborn_ @donnie_maga @RTerriers @ThomasFines @jaimec729‚Ä¶ https://t.co/shfVFpyQfN,2019-10-28 19:31:17
1188900713461669888,@AwareFrequency @voeljegoed @HB04920973 @4heartandsoul @_twiceborn_ @donnie_maga @RTerriers @ThomasFines @jaimec729‚Ä¶ https://t.co/shfVFpyQfN,2019-10-28 19:29:53
1188895851290202115,Bra tajming nu n√§r ekonomin bromsar och l√•gkonjunkturen sl√•r till. Kan bli en perfekt storm tillsammans med massinv‚Ä¶ https://t.co/UysJM9BLow,2019-10-28 19:10:34
1188890699665760258,@phe_skz storm jyp,2019-10-28 18:50:05
1188860746777546752,we storm jyp at dawn,2019-10-28 16:51:04
1188859319435124737,@ClassicRost Hela havet stormar i den h√§r branschen f√∂r tillf√§llet men sv√•rt att se vad det beror p√• d√• det √§r en p‚Ä¶ https://t.co/6SgJmISM02,2019-10-28 16:45:24
1188854398962634752,@Tempo_Storm @DXRacer Hello clg big fan,2019-10-28 16:25:51
1188852860378894337,lets fucking storm jyp,2019-10-28 16:19:44
1188838586302513152,Bakare attacks Tinubu https://t.co/S1C9m0oYXo https://t.co/e3vxY1HdFk,2019-10-28 15:23:01
1188834018437013506,STORM JYP https://t.co/Ef9tkgCTgA,2019-10-28 15:04:52
1188831141417099269,@chanastrophe storm jyp,2019-10-28 14:53:26
1188803181310025734,M-ledaren¬†Ulf Adelsohn¬†f√∂rsvarade f√∂retagande i Sydafrika med argumentet att ‚Äùde stackars negrerna‚Äù annars skulle s‚Ä¶ https://t.co/zZkqbfMBMn,2019-10-28 13:02:19
1188799200089251840,"Sakura , Grande guerra ninja  -NARUTO SHIPPUDEN STORM 4 https://t.co/VXFMs3WVkf via @YouTube",2019-10-28 12:46:30
1188796824510959616,M-ledaren¬†Ulf Adelsohn¬†f√∂rsvarade f√∂retagande i Sydafrika med argumentet att ‚Äùde stackars negrerna‚Äù annars skulle s‚Ä¶ https://t.co/zZkqbfMBMn,2019-10-28 12:37:04
1188794496605138944,@Christofer_8 @IndraKullenberg Jag h√•ller med allt ni skriver. Han √§r bara en m√§nniska s√• att misstag sker √§r norma‚Ä¶ https://t.co/iGUJV5mbqX,2019-10-28 12:27:49
1188785710331056132,@HedvigKrook K√§nner ni h√∂gervindarna? Det bl√•ser upp till storm. Det finns en del svenska politiker som jag hoppas nu bl√•ser √•t h-lvete!,2019-10-28 11:52:54
1188785494202748928,M-ledaren¬†Ulf Adelsohn¬†f√∂rsvarade f√∂retagande i Sydafrika med argumentet att ‚Äùde stackars negrerna‚Äù annars skulle s‚Ä¶ https://t.co/zZkqbfMBMn,2019-10-28 11:52:03
1188784949173850113,M-ledaren¬†Ulf Adelsohn¬†f√∂rsvarade f√∂retagande i Sydafrika med argumentet att ‚Äùde stackars negrerna‚Äù annars skulle s‚Ä¶ https://t.co/zZkqbfMBMn,2019-10-28 11:49:53
1188784567882276864,@Nonemo @Vilsjin @l4xs1ll Det √§r f√∂rst√•eligt - det var rena Ice storm (vem vill √•ka sp√•rvagn p√• is?). Men jag har a‚Ä¶ https://t.co/4JQno3rdJp,2019-10-28 11:48:22
1188775925330169859,M-ledaren¬†Ulf Adelsohn¬†f√∂rsvarade f√∂retagande i Sydafrika med argumentet att ‚Äùde stackars negrerna‚Äù annars skulle s‚Ä¶ https://t.co/zZkqbfMBMn,2019-10-28 11:14:01
1188758098334441472,M-ledaren¬†Ulf Adelsohn¬†f√∂rsvarade f√∂retagande i Sydafrika med argumentet att ‚Äùde stackars negrerna‚Äù annars skulle s‚Ä¶ https://t.co/zZkqbfMBMn,2019-10-28 10:03:11
1188756394444496896,M-ledaren¬†Ulf Adelsohn¬†f√∂rsvarade f√∂retagande i Sydafrika med argumentet att ‚Äùde stackars negrerna‚Äù annars skulle s‚Ä¶ https://t.co/zZkqbfMBMn,2019-10-28 09:56:25
1188744705607114753,M-ledaren¬†Ulf Adelsohn¬†f√∂rsvarade f√∂retagande i Sydafrika med argumentet att ‚Äùde stackars negrerna‚Äù annars skulle s‚Ä¶ https://t.co/zZkqbfMBMn,2019-10-28 09:09:58
1188728903688445957,"En av andra v√§rldskrigets stora hj√§ltar,\nmin egen morfar! Tror att mygelpartier\nnas tid √§r √∂ver! All heder till des‚Ä¶ https://t.co/TH76yLpv35",2019-10-28 08:07:10
1188725127111991296,M-ledaren¬†Ulf Adelsohn¬†f√∂rsvarade f√∂retagande i Sydafrika med argumentet att ‚Äùde stackars negrerna‚Äù annars skulle s‚Ä¶ https://t.co/zZkqbfMBMn,2019-10-28 07:52:10
1188710922677829632,M-ledaren¬†Ulf Adelsohn¬†f√∂rsvarade f√∂retagande i Sydafrika med argumentet att ‚Äùde stackars negrerna‚Äù annars skulle s‚Ä¶ https://t.co/zZkqbfMBMn,2019-10-28 06:55:43
1188710830814220288,M-ledaren¬†Ulf Adelsohn¬†f√∂rsvarade f√∂retagande i Sydafrika med argumentet att ‚Äùde stackars negrerna‚Äù annars skulle s‚Ä¶ https://t.co/zZkqbfMBMn,2019-10-28 06:55:21
1188708840298209281,M-ledaren¬†Ulf Adelsohn¬†f√∂rsvarade f√∂retagande i Sydafrika med argumentet att ‚Äùde stackars negrerna‚Äù annars skulle s‚Ä¶ https://t.co/zZkqbfMBMn,2019-10-28 06:47:27
1188706224088535040,M-ledaren¬†Ulf Adelsohn¬†f√∂rsvarade f√∂retagande i Sydafrika med argumentet att ‚Äùde stackars negrerna‚Äù annars skulle s‚Ä¶ https://t.co/zZkqbfMBMn,2019-10-28 06:37:03
1188705994894913536,M-ledaren¬†Ulf Adelsohn¬†f√∂rsvarade f√∂retagande i Sydafrika med argumentet att ‚Äùde stackars negrerna‚Äù annars skulle s‚Ä¶ https://t.co/zZkqbfMBMn,2019-10-28 06:36:08
1188705682838691840,@LuckyLarsen @Storm_Nation Tack f√∂r att du valde att g√∂ra en superserie precis n√§r jag vaknade till mitt i natten üòú Bra lirat!!,2019-10-28 06:34:54
1188689053031514112,SWE har p√•b√∂rjat samma nedg√•ng som Argentina d√§r valutan redan kraschat. Orsaken √§r svag o f√∂rvirrad politisk ledni‚Ä¶ https://t.co/4uxT7BRtdb,2019-10-28 05:28:49
1188681673417863168,"En av andra v√§rldskrigets stora hj√§ltar,\nmin egen morfar! Tror att mygelpartier\nnas tid √§r √∂ver! All heder till des‚Ä¶ https://t.co/TH76yLpv35",2019-10-28 04:59:30
1188679438331981824,üòçüòçüòçüòÇ Haha Trump! üòçüòçüòçüòçüòçüòçüòçüòçüòçüòÇüòÇüòÇüòÇüòÇüë©üèº https://t.co/sDEJCsvoYO,2019-10-28 04:50:37
1188674432761520129,"En av andra v√§rldskrigets stora hj√§ltar,\nmin egen morfar! Tror att mygelpartier\nnas tid √§r √∂ver! All heder till des‚Ä¶ https://t.co/TH76yLpv35",2019-10-28 04:30:43
1188669734432190464,"En av andra v√§rldskrigets stora hj√§ltar,\nmin egen morfar! Tror att mygelpartier\nnas tid √§r √∂ver! All heder till des‚Ä¶ https://t.co/TH76yLpv35",2019-10-28 04:12:03
1188646597023981570,Hurtful https://t.co/UDod134doF,2019-10-28 02:40:07
1188603680414674945,@esarc07 @martinolimx Rayo?? Pufff de jackson storm ü§£ü§£ü§£ü§£ü§£,2019-10-27 23:49:35
1188588544299802624,M-ledaren¬†Ulf Adelsohn¬†f√∂rsvarade f√∂retagande i Sydafrika med argumentet att ‚Äùde stackars negrerna‚Äù annars skulle s‚Ä¶ https://t.co/zZkqbfMBMn,2019-10-27 22:49:26
1188585934436077568,@faveslooks Storm Born ‚ùÑ,2019-10-27 22:39:04
1188583010909786112,Hafar Albaten storm. https://t.co/I8Y4PCZxSj,2019-10-27 22:27:27
1188574030095360000,M-ledaren¬†Ulf Adelsohn¬†f√∂rsvarade f√∂retagande i Sydafrika med argumentet att ‚Äùde stackars negrerna‚Äù annars skulle s‚Ä¶ https://t.co/zZkqbfMBMn,2019-10-27 21:51:46
1188565685481496576,"En av andra v√§rldskrigets stora hj√§ltar,\nmin egen morfar! Tror att mygelpartier\nnas tid √§r √∂ver! All heder till des‚Ä¶ https://t.co/TH76yLpv35",2019-10-27 21:18:36
1188563253997248512,SVT:s trevligaste realityserie √§r tillbaka - S√§songspremi√§r f√∂r Allt f√∂r Sverige! https://t.co/A0rzpSfesf,2019-10-27 21:08:56
1188563218878390275,Hafar Albaten storm. https://t.co/I8Y4PCZxSj,2019-10-27 21:08:48
1188554850642083841,"Och f√∂rra √•ret flyttade en ny familj in i en av l√§genheterna. Tre d√∂ttrar och en son, Benji. Han √§r runt √•tta och h‚Ä¶ https://t.co/APajrFi2Xb",2019-10-27 20:35:33
1188554292715835399,M-ledaren¬†Ulf Adelsohn¬†f√∂rsvarade f√∂retagande i Sydafrika med argumentet att ‚Äùde stackars negrerna‚Äù annars skulle s‚Ä¶ https://t.co/zZkqbfMBMn,2019-10-27 20:33:20
1188546980630405120,De stod mellan black Greta Thunberg och Storm üòÖüòÖüòÖüòÖüòÖ,2019-10-27 20:04:16
1188545222978002946,@Raafey17 kennst du den manga red storm?,2019-10-27 19:57:17
1188539094520999936,"@Storm_City Thriller, MJ",2019-10-27 19:32:56
1188539002183454720,M-ledaren¬†Ulf Adelsohn¬†f√∂rsvarade f√∂retagande i Sydafrika med argumentet att ‚Äùde stackars negrerna‚Äù annars skulle s‚Ä¶ https://t.co/zZkqbfMBMn,2019-10-27 19:32:34
1188538209833238528,M-ledaren¬†Ulf Adelsohn¬†f√∂rsvarade f√∂retagande i Sydafrika med argumentet att ‚Äùde stackars negrerna‚Äù annars skulle s‚Ä¶ https://t.co/zZkqbfMBMn,2019-10-27 19:29:25
1188535221488099328,"En av andra v√§rldskrigets stora hj√§ltar,\nmin egen morfar! Tror att mygelpartier\nnas tid √§r √∂ver! All heder till des‚Ä¶ https://t.co/TH76yLpv35",2019-10-27 19:17:33
1188533790106423298,@chpama Jag l√§ste hans bok‚Äù En storm kom fr√•n paradiset‚Äù den var bra bok.,2019-10-27 19:11:52
1188532300021141506,RT BookBangs¬† RT lisagillis_: RockStar Jack Storm Vi aspetta #ibooks https://t.co/3aohFxSLkn In #italiano ! #pdf1 https://t.co/aXx34ghN9U,2019-10-27 19:05:56
1188531707865120769,M-ledaren¬†Ulf Adelsohn¬†f√∂rsvarade f√∂retagande i Sydafrika med argumentet att ‚Äùde stackars negrerna‚Äù annars skulle s‚Ä¶ https://t.co/zZkqbfMBMn,2019-10-27 19:03:35
1188530847642767365,M-ledaren¬†Ulf Adelsohn¬†f√∂rsvarade f√∂retagande i Sydafrika med argumentet att ‚Äùde stackars negrerna‚Äù annars skulle s‚Ä¶ https://t.co/zZkqbfMBMn,2019-10-27 19:00:10
1188530744534224896,M-ledaren¬†Ulf Adelsohn¬†f√∂rsvarade f√∂retagande i Sydafrika med argumentet att ‚Äùde stackars negrerna‚Äù annars skulle s‚Ä¶ https://t.co/zZkqbfMBMn,2019-10-27 18:59:45
1188530416778653696,RT @lisagillis_: RockStar Jack Storm Vi aspetta #ibooks https://t.co/4ejDdWFQH6 In #italiano ! #pdf1 https://t.co/QSbOyrnLuC,2019-10-27 18:58:27
1188529657458647040,M-ledaren¬†Ulf Adelsohn¬†f√∂rsvarade f√∂retagande i Sydafrika med argumentet att ‚Äùde stackars negrerna‚Äù annars skulle s‚Ä¶ https://t.co/zZkqbfMBMn,2019-10-27 18:55:26
1188528439873196032,M-ledaren¬†Ulf Adelsohn¬†f√∂rsvarade f√∂retagande i Sydafrika med argumentet att ‚Äùde stackars negrerna‚Äù annars skulle s‚Ä¶ https://t.co/zZkqbfMBMn,2019-10-27 18:50:36
1188524762999459840,Edit* missade Heroes of the storm p√• E-sport bilden :),2019-10-27 18:35:59
1188520101647138816,M-ledaren¬†Ulf Adelsohn¬†f√∂rsvarade f√∂retagande i Sydafrika med argumentet att ‚Äùde stackars negrerna‚Äù annars skulle s‚Ä¶ https://t.co/zZkqbfMBMn,2019-10-27 18:17:28
1188518593698369536,M-ledaren¬†Ulf Adelsohn¬†f√∂rsvarade f√∂retagande i Sydafrika med argumentet att ‚Äùde stackars negrerna‚Äù annars skulle s‚Ä¶ https://t.co/zZkqbfMBMn,2019-10-27 18:11:29
1188517363139973122,"@vermistA @befunnen Jag ocks√•. S√•d√§r s√• att jag bara kan g√• ut en stund, bort fr√•n m√§nniskor och hus, och m√∂ta vind‚Ä¶ https://t.co/bcV9f0HlQk",2019-10-27 18:06:35
1188516175636058113,M-ledaren¬†Ulf Adelsohn¬†f√∂rsvarade f√∂retagande i Sydafrika med argumentet att ‚Äùde stackars negrerna‚Äù annars skulle s‚Ä¶ https://t.co/zZkqbfMBMn,2019-10-27 18:01:52
1188514611177410563,M-ledaren¬†Ulf Adelsohn¬†f√∂rsvarade f√∂retagande i Sydafrika med argumentet att ‚Äùde stackars negrerna‚Äù annars skulle s‚Ä¶ https://t.co/zZkqbfMBMn,2019-10-27 17:55:39
1188514150332489729,Hafar Albaten storm. https://t.co/I8Y4PCZxSj,2019-10-27 17:53:49
1188513603307081729,M-ledaren¬†Ulf Adelsohn¬†f√∂rsvarade f√∂retagande i Sydafrika med argumentet att ‚Äùde stackars negrerna‚Äù annars skulle s‚Ä¶ https://t.co/zZkqbfMBMn,2019-10-27 17:51:39
1188512597496270850,M-ledaren¬†Ulf Adelsohn¬†f√∂rsvarade f√∂retagande i Sydafrika med argumentet att ‚Äùde stackars negrerna‚Äù annars skulle s‚Ä¶ https://t.co/zZkqbfMBMn,2019-10-27 17:47:39
1188510736726810627,RockStar Jack Storm Vi aspetta #ibooks https://t.co/QefngrYrLw In #italiano ! #pdf1 https://t.co/RsfLdyHM3P,2019-10-27 17:40:15
1188509950106054659,M-ledaren¬†Ulf Adelsohn¬†f√∂rsvarade f√∂retagande i Sydafrika med argumentet att ‚Äùde stackars negrerna‚Äù annars skulle s‚Ä¶ https://t.co/zZkqbfMBMn,2019-10-27 17:37:08
1188507165050277888,Hafar Albaten storm. https://t.co/I8Y4PCZxSj,2019-10-27 17:26:04
1188502093847388161,Hafar Albaten storm. https://t.co/I8Y4PCZxSj,2019-10-27 17:05:55
1188501662907994112,Hafar Albaten storm. https://t.co/I8Y4PCZxSj,2019-10-27 17:04:12
1188500993975226373,Hafar Albaten storm. https://t.co/I8Y4PCZxSj,2019-10-27 17:01:32
1188498501908549632,"@VeritasVital @mmpadellan\nOBL\naka\nTimothy Osman",2019-10-27 16:51:38
1188485147622039553,@axelpershagen H√•ller med! N√§r vi √§r redo f√∂r Allsvenskan ska den tas med storm. Spelm√§ssigt har vi en bit att vand‚Ä¶ https://t.co/ryEALDpyiW,2019-10-27 15:58:34
1188454492058116097,*snicker* https://t.co/MJjwCjCynE,2019-10-27 13:56:45
1188452165880291339,"Black Storm. üå©\n\nüì∑ ig : shotbyjamieb https://t.co/cQiCeIfaXK",2019-10-27 13:47:31
1188449623918153728,Storm Alert - Cyprus https://t.co/hWxLtttwyO,2019-10-27 13:37:25
1188447424358027266,"@Ulwencreutz @PreppingSE EMP/Solstorm √§r samma sak, Solvind finns alltid och varierar. Intensitet g√•r i 11 √•rs cykl‚Ä¶ https://t.co/4BsnAISTH9",2019-10-27 13:28:40
1188441598893395968,RT BookBangs¬† RT lisagillis_: RockStar Jack Storm Vi aspetta #Kindle https://t.co/f1aIhmxJgv #pdf1 https://t.co/Y64aZrPlo6,2019-10-27 13:05:32
1188439788761833480,RT @lisagillis_: RockStar Jack Storm Vi aspetta #Kindle https://t.co/UIP8VIc8is #pdf1 https://t.co/j8YRxmUlDb,2019-10-27 12:58:20
1188438973074624512,RockStar Jack Storm Vi aspetta #Kindle https://t.co/2WoVPgICyf #pdf1 https://t.co/ArliZd1Ge2,2019-10-27 12:55:05
1188402609020903424,Nu skulle jag vilja se en Sebastian Larsson med √ñFK tr√∂ja... twitter storm 2 p√• G,2019-10-27 10:30:36
1188397594923454464,@senorAliBaba Faktiskt g√∂r den det. üåûüòÉ Men samtidigt bl√•ser det halv storm. üòÉüí®,2019-10-27 10:10:40
1188385713773076480,"@widarandersson S√• sant, men vad hj√§lper det n√§r beslutsfattarna inom @socialdemokrat inte har mognat √∂verhuvudtage‚Ä¶ https://t.co/iDNjoL4kq0",2019-10-27 09:23:27
1188383380548870145,Nu skulle jag vilja se en Sebastian Larsson med √ñFK tr√∂ja... twitter storm 2 p√• G,2019-10-27 09:14:11
1188354878126641152,"Priscilla - Wolven Storm\n\nhttps://t.co/cVXkuqSZIa",2019-10-27 07:20:56
1188333676620402691,"Priscilla - Wolven Storm\n\nhttps://t.co/cVXkuqSZIa",2019-10-27 05:56:41
1188231054596984833,"Priscilla - Wolven Storm\n\nhttps://t.co/cVXkuqSZIa",2019-10-26 23:08:54
1188229238417215488,"Priscilla - Wolven Storm\n\nhttps://t.co/cVXkuqSZIa",2019-10-26 23:01:41
1188229122511818753,"Priscilla - Wolven Storm\n\nhttps://t.co/cVXkuqSZIa",2019-10-26 23:01:13
1188229104606294016,"Priscilla - Wolven Storm\n\nhttps://t.co/cVXkuqSZIa",2019-10-26 23:01:09
1188228814893137926,"Priscilla - Wolven Storm\n\nhttps://t.co/cVXkuqSZIa",2019-10-26 23:00:00
1188199676236980225,@bohuskust Sj√§lvklart √§r det s√• och att Rum√§nien struntar i saken √§r en storm skam. De styrande i Rum√§nien bryr sig‚Ä¶ https://t.co/zp3YcSC8KR,2019-10-26 21:04:13
1188145379218509824,"@LenaHansson130 @kontextuell @Ode2HinKraka @carolecadwalla Jag g√∂r det nu! F√∂rresten, kommer du ih√•g en serie som h‚Ä¶ https://t.co/LQ7pYxwBvB",2019-10-26 17:28:27
1188141926102585346,Vintertid inatt! Gl√∂m inte tankeknepet med att st√§lla IN utem√∂blerna. #vars√•god,2019-10-26 17:14:44
1188043518037708800,Men men herregud aldrig m√•tt s√•h√§r mkt skit???? St√•tt i STORM sedan 07 och √§r p√•p√§lsad till 100% men √ÑND√Ö helt geno‚Ä¶ https://t.co/H0GkW8hsh0,2019-10-26 10:43:42
1188025610666434560,"Avsnitt 60 ute. Vi pratar riskhantering i skogsbruket. Storm, brand, insekter, rotr√∂ta, viltbetning, varma vintrar,‚Ä¶ https://t.co/BM7QJizwx1",2019-10-26 09:32:32
1187998996268224512,vad var det f√∂r j√§vla storm inatt???,2019-10-26 07:46:47
1187996102089478144,"Halv storm och regn, men ut ska viü§© https://t.co/kw91g9qwhF",2019-10-26 07:35:17
1187989583734235136,@littledysfunk PARISHJUL I STORM L√ÖTER ASL√ÑSKIGT,2019-10-26 07:09:23
1187961813675266048,https://t.co/ylO10sHNLe  10/27 (251) NY Giants vs. (252) Detroit #guaranteedpick STORMBORN1692  #expertpicks‚Ä¶ https://t.co/sQFW2N2gVC,2019-10-26 05:19:02
1187958078601388032,https://t.co/ylO10sHNLe  10/27 (251) NY Giants vs. (252) Detroit #guaranteedpick STORMBORN1692  #expertpicks‚Ä¶ https://t.co/sQFW2N2gVC,2019-10-26 05:04:11
1187945040653492225,"Goddag k√§ra l√§sare, storm o ov√§der utanf√∂r stugan, jag myser. Hinner bara twittra n√•gra timmar sen b√∂rjar f√∂rberede‚Ä¶ https://t.co/DZjweEz8w8",2019-10-26 04:12:23
1187913155160072199,@ilcuoredilara except stig r√§sta cowrote storm,2019-10-26 02:05:41
1187877685101510658,@Black_Storm_100 KAJAKAKAKAKAJOENSKDSJSNKDD AMOR @littlessnake desisto somos dois SURTADOS,2019-10-25 23:44:44
1187866797770510336,"@GentianGashii Jaa, sjukt bra prod men ingen l√•t som tar en med storm precis",2019-10-25 23:01:28
1187843353469169670,@Neder_Bird Uppspolad av en storm?,2019-10-25 21:28:19
1187837584820592644,"@sr_ekot L√•ter orov√§ckande. Sj√§lv √§r jag orolig f√∂r co2 halten i atmosf√§ren och temperaturen men har noll, absolut‚Ä¶ https://t.co/PCRUp147UW",2019-10-25 21:05:23
1187836079837192193,"@joakimgranlund Tror p√• b√•da, men samtidigt √§r det ju en slags underh√•llning. I alla fall som idag n√§r det bl√•ste s‚Ä¶ https://t.co/OR1OoYb7ti",2019-10-25 20:59:25
1187834499192766464,"Avsnitt 60 ute. Vi pratar riskhantering i skogsbruket. Storm, brand, insekter, rotr√∂ta, viltbetning, varma vintrar,‚Ä¶ https://t.co/BM7QJizwx1",2019-10-25 20:53:08
1187832353856589830,"√Ötta m√•l i baken, pissregn och halv storm. Jag kan k√∂pa att Southamptonsupportrarna skiter i detta nu.",2019-10-25 20:44:36
1187826894772887554,@mattiasnilimaa @MJarlsdotter Han √§r som en empatisk storm.,2019-10-25 20:22:55
1187818059991601153,@NekoMissQc @Arashi_Storm Allerrrrrr üòè,2019-10-25 19:47:48
1187797776501039104,@dc_storm @petterbristav Lol. Gr√§nnaception,2019-10-25 18:27:12
1187796431261880320,"@Andersson_123 @erik1955viby @Expressen Ja det kan du kalla oss f√∂r om du k√§nner f√∂r det ,vi vet vi √§r realister i‚Ä¶ https://t.co/x8qJUW39qu",2019-10-25 18:21:52
1187785627615543307,B√•ten till Finland st√•r i hamnen pga storm. Avg√•ng om 6h. Tack och lov bjuder de p√• hytt och mat s√• jag blir m√§tt o‚Ä¶ https://t.co/EHjw5bj80w,2019-10-25 17:38:56
1187783991216267264,@petterbristav Annars har de de h√§r i Gr√§nna. https://t.co/6SoBN0YkBk,2019-10-25 17:32:26
1187767403402481664,D√• var s√§songen slut. Undrar hur smart det var att l√§gga ny presenning n√§r de lovat storm inatt. https://t.co/EqPfXQEVcm,2019-10-25 16:26:31
1187759223855341569,"@Hedenljung V√§ntas storm h√§r ocks√•. Har t√§nt en massa levande ljus, dels f√∂r att det √§r mysigt men ocks√• f√∂r att va‚Ä¶ https://t.co/BEP1EUnuNS",2019-10-25 15:54:01
1187747178485338112,Solar storm https://t.co/yk1dlsiqSD via @YouTube,2019-10-25 15:06:09
1187741030650654720,@BonJS0370 @wookietim @BarryVictor5 @ldog562 @IvyTwoPointOh @fortiveli @GDThor1 @unbrokeMs1 @D1x1ej0 @BlueTsuni‚Ä¶ https://t.co/AL7wzj2co8,2019-10-25 14:41:43
1187737444818526209,Det bl√•ser upp till storm! üî¥‚ö™üî¥ #timr√•stormen #timraik,2019-10-25 14:27:28
1187730072356171780,Det √§r +12C... üò≥ och det √§r utlovat storm till kv√§llen... üò±,2019-10-25 13:58:10
1187726272593645570,"Avsnitt 60 ute. Vi pratar riskhantering i skogsbruket. Storm, brand, insekter, rotr√∂ta, viltbetning, varma vintrar,‚Ä¶ https://t.co/BM7QJizwx1",2019-10-25 13:43:04
1187725187808149505,"Avsnitt 60 ute. Vi pratar riskhantering i skogsbruket. Storm, brand, insekter, rotr√∂ta, viltbetning, varma vintrar,‚Ä¶ https://t.co/BM7QJizwx1",2019-10-25 13:38:46
1187713439852089346,Hade t√§nkt mig tr√§dg√•rdsarbete och üç∫ n√§r jag kom hem men eftersom det bl√•ser storm s√• blir det bara üç∫. Har jag tur bl√•ser skiten bort üëçüòÑ,2019-10-25 12:52:05
1187700019727605760,@THCobbPHC Tweet storm alert,2019-10-25 11:58:45
1187678026550710272,"@mickbjorkman Kallfront bland mj√∂lkdimman, fuktigt med inslag av fisk, samt varma s√∂ta omr√•den. Varning f√∂r storm,‚Ä¶ https://t.co/1aoJcohrub",2019-10-25 10:31:22
1187643082612846592,"@PicyVicy Jag √§lskar gl√∂d, √§ven n√§r jag inte h√•ller med. Vi beh√∂ver or√§dda, v√§ltaliga, p√•l√§sta, kompetenta politike‚Ä¶ https://t.co/Kar1Ov0Zlm",2019-10-25 08:12:30
1187585314019254272,@nycsouthpaw Storm‚Äôin Matt https://t.co/4HaMJfVTK7,2019-10-25 04:22:57
1187576035082153985,"@sumbdlut dusk skulls, snow storm or forest",2019-10-25 03:46:05
1187527854290022400,"17 Pizzas\nhttps://t.co/8gCAOgJRIW",2019-10-25 00:34:38
1187511604017057793,@mahemama Japp jag med...landade en g√•ng p√• Sturup i v√§rsta stormen ngnsin. Kabinpersonalen var r√§dda. Flaskor och‚Ä¶ https://t.co/QMzyqUMEWv,2019-10-24 23:30:03
1187511028126498816,@pinktrial nyaaaAAAAA[THUNDER STORM],2019-10-24 23:27:46
1187497599600910336,jag har redan 25% i valet storm seger jag kommer vinna skiten,2019-10-24 22:34:25
1187481402578587648,@Snyggois Som boende p√• en √∂ i Atlanten vid golfstr√∂mmen s√• har jag kollat med dom som levt h√§r ang h√∂jd havsyta! S‚Ä¶ https://t.co/mxhCo9Kkg1,2019-10-24 21:30:03
1187481008343584769,@Snyggois Som boende p√• en √∂ i Atlanten vid golfstr√∂mmen s√• har jag kollat med dom som levt h√§r ang h√∂jd havsyta! S‚Ä¶ https://t.co/mxhCo9Kkg1,2019-10-24 21:28:29
1187462773766275072,@DanielFarm @anderslindberg @bladetledare @socialdemokrat Mycket av detta √§r bra. Men att alltid √•terkomma till 150‚Ä¶ https://t.co/LebiyccuPk,2019-10-24 20:16:01
1187446902637367296,"N√§r denna h√∂gerextrema storm har bl√•st f√§rdigt s√• kommer historien visa att SD √§r rasister, och n√§stan alla visste‚Ä¶ https://t.co/e4UOo33IcV",2019-10-24 19:12:57
1187406886787846144,"@KlingochK @BuschEbba  blir Sveriges f√∂rsta kvinnliga statsminister, hon kommer att ta Europa med storm.",2019-10-24 16:33:57
1187404382079504384,"@lindsay_helena N√•gra f√∂rslag: Tiden second hand/B√∂n f√∂r Tjernobyl, Svetlana Aleksijevitj; Ensam i Berlin, Hans Fal‚Ä¶ https://t.co/xpIhuj1cmK",2019-10-24 16:24:00
1187400904158384129,√Öngesten v√§grar sl√§ppa sitt grepp. Fuck hela j√§vla fotbollsv√§rlden om den sliter Poya ifr√•n oss nu! H√§r har vi √§ntl‚Ä¶ https://t.co/vDqRbUdvyJ,2019-10-24 16:10:11
1187400591787597824,√Öngesten v√§grar sl√§ppa sitt grepp. Fuck hela j√§vla fotbollsv√§rlden om den sliter Poya ifr√•n oss nu! H√§r har vi √§ntl‚Ä¶ https://t.co/vDqRbUdvyJ,2019-10-24 16:08:56
1187389184505470976,Bff lerimle brain storm qeyFee https://t.co/31JmLSpa2s,2019-10-24 15:23:36
1187369936206942209,@to_annikaL De flaggar f√∂r storm b√•de fredag och l√∂rdag h√§r...,2019-10-24 14:07:07
1187357039984545792,"Det h√§r verkar f√∂r √∂vrigt vara en storm i ett vattenglas. DN dundrar p√• med myndig st√§mma r√§tt igenom, men genom de‚Ä¶ https://t.co/r7UBGwcCoY",2019-10-24 13:15:53
1187351496381341696,@Thalion79 Jag tycker att det ska anges n√§r folk √§r politiskt aktiva √• engagerade i ett parti. I √∂vrigt tycker jag‚Ä¶ https://t.co/Y6e0EuQkhH,2019-10-24 12:53:51
1187344131363917824,Det √§r lycka att formulera prognostexter f√∂r de kommande dagarna - regn/sn√∂/underkylt/h√•rd vind/lokal storm/frost/i‚Ä¶ https://t.co/GH7Vpwe97K,2019-10-24 12:24:35
